class,split,filename,source_url,license,author
construction,train,construction_train_001.jpg,"https://commons.wikimedia.org/wiki/File:Pile_of_rubble,_Itton,_Monmouthshire_-_geograph.org.uk_-_7115185.jpg",CC BY-SA 2.0,Jaggery
construction,train,construction_train_002.jpg,"https://commons.wikimedia.org/wiki/File:Rubble_pile,_under_Traprain_Law_-_geograph.org.uk_-_2458454.jpg",CC BY-SA 2.0,Richard Webb
construction,train,construction_train_003.jpg,https://commons.wikimedia.org/wiki/File:A_pile_of_rubble_-_geograph.org.uk_-_7197655.jpg,CC BY-SA 2.0,Anthony O'Neil
construction,train,construction_train_004.jpg,https://commons.wikimedia.org/wiki/File:Constructiondebris.jpg,CC0,Clump
construction,train,construction_train_005.jpg,"https://commons.wikimedia.org/wiki/File:De_sloop_van_Albert_Heyn_op_het_oude_remise_terrein,_april_1995,_Inventarisnummer_NL-HlmNHA_1100_KNA006018953.JPG",CC0,Unknown authorUnknown author
construction,train,construction_train_006.jpg,https://commons.wikimedia.org/wiki/File:Pile_of_rubble_-_geograph.org.uk_-_2839801.jpg,CC BY-SA 2.0,Gerald England
construction,train,construction_train_007.jpg,https://commons.wikimedia.org/wiki/File:Puin.jpg,CC BY-SA 2.5 nl,Onderwijsgek
construction,train,construction_train_008.jpg,https://commons.wikimedia.org/wiki/File:Gravats_bricaillon_recycl%C3%A9_en_fonds_de_couche_routi%C3%A8re_2016_Lille.jpg,CC BY-SA 4.0,Lamiot
construction,train,construction_train_009.jpg,https://commons.wikimedia.org/wiki/File:Crushed_house.JPG,CC BY-SA 3.0,Pleasure point at English Wikipedia
construction,train,construction_train_010.jpg,https://commons.wikimedia.org/wiki/File:Ehemaliges_Hotel_Eifelgold_Rooding_in_Erkensruhr_(Simmerath)_36.jpg,CC BY 4.0,LoTTasLeBeN
construction,train,construction_train_011.jpg,https://commons.wikimedia.org/wiki/File:FEMA_-_39263_-_Construction_equipment_working_on_a_debris_in_Texas.jpg,Public domain,Greg Henshall
construction,train,construction_train_012.jpg,https://commons.wikimedia.org/wiki/File:NIND_CourtineDeVillersDebris_ISO200.jpg,CC BY 4.0,Trougnouf
construction,train,construction_train_013.jpg,https://commons.wikimedia.org/wiki/File:Erkensruhr_17.jpg,CC0,Leonhard Lenz
construction,train,construction_train_014.jpg,https://commons.wikimedia.org/wiki/File:Fort_San_Pedro_-_damaged_Bastion_San_Miguel_turret.jpg,CC BY-SA 4.0,Eugene Alvin Villar (seav)
construction,train,construction_train_015.jpg,https://commons.wikimedia.org/wiki/File:Sloop_Biltstraatkerk_Utrecht_-_HUA-834193.jpg,CC BY 4.0,"Uilenbroek, W.H.M., fotograaf"
construction,train,construction_train_016.jpg,"https://commons.wikimedia.org/wiki/File:063_Solar_al_c._Pujades,_cantonada_c._Badajoz,_al_Poblenou_(Barcelona),_amb_xemeneia_al_fons.jpg",CC BY-SA 4.0,Enric
construction,train,construction_train_017.jpg,"https://commons.wikimedia.org/wiki/File:CAT_320B,_D%C3%B3zsa_Stra%C3%9Fe,_2025_Acsa.jpg",CC BY-SA 4.0,Globetrotter19
construction,train,construction_train_018.jpg,https://commons.wikimedia.org/wiki/File:ConstructionWaste2.jpg,Public domain,KVDP
construction,train,construction_train_019.jpg,https://commons.wikimedia.org/wiki/File:Debris_at_Bundgarden_Stretch.jpg,CC BY-SA 4.0,Samruddhi2897
construction,train,construction_train_020.jpg,"https://commons.wikimedia.org/wiki/File:Fly-tipping_construction_waste_in_Parco_Alto_Milanese_-_Busto_Arsizio,_Lombardy,_Italy.jpg",CC BY-SA 4.0,Mænsard vokser
construction,train,construction_train_021.jpg,https://commons.wikimedia.org/wiki/File:Jerez_de_la_Frontera_(1981)_39.jpg,CC BY-SA 4.0,LBM1948
construction,train,construction_train_022.jpg,https://commons.wikimedia.org/wiki/File:Ambacang_hotel.jpg,CC BY 3.0,Netaholic13
construction,train,construction_train_023.jpg,"https://commons.wikimedia.org/wiki/File:Heap_of_debris_of_a_house_broken_by_a_tsunami,Iwaki-city,Japan.jpg",CC BY-SA 3.0,Katorisi
construction,train,construction_train_024.jpg,"https://commons.wikimedia.org/wiki/File:Al-Mujadad,_Diyala._Iraq_2009._Photo-_AusAID_(10665870904).jpg",CC BY 2.0,Department of Foreign Affairs and Trade
construction,train,construction_train_025.jpg,https://commons.wikimedia.org/wiki/File:Lawinenkeil_Fasons.JPG,CC BY-SA 3.0,Paebi
construction,train,construction_train_026.jpg,https://commons.wikimedia.org/wiki/File:Bethany_School_Construction_Waste_Dumped_Worms_Hill_-_geograph.org.uk_-_2776348.jpg,CC BY-SA 2.0,Peter Skynner
construction,train,construction_train_027.jpg,https://commons.wikimedia.org/wiki/File:Tidy_pile_of_rubble_-_geograph.org.uk_-_1271995.jpg,CC BY-SA 2.0,Dave Spicer
construction,train,construction_train_028.jpg,https://commons.wikimedia.org/wiki/File:Rubble_pile_-_geograph.org.uk_-_6204525.jpg,CC BY-SA 2.0,Ian Capper
construction,train,construction_train_029.jpg,https://commons.wikimedia.org/wiki/File:Riis_Park_parking_trash_mountain_Sandy_jeh.jpg,CC0,Jim.henderson
construction,train,construction_train_030.jpg,"https://commons.wikimedia.org/wiki/File:Construction_debris_in_driveway,_Zhengzhou,_Henan_-_panoramio.jpg",CC BY 3.0,Randy Rambo
construction,train,construction_train_031.jpg,https://commons.wikimedia.org/wiki/File:Kotlaska_-_k_Bille_IMG_7347.JPG,CC0,01x07x2022000
construction,train,construction_train_032.jpg,https://commons.wikimedia.org/wiki/File:Colchester_school_(44846819165).jpg,CC BY 2.0,Jason Woodhead
construction,train,construction_train_033.jpg,https://commons.wikimedia.org/wiki/File:Escombro.jpg,CC BY-SA 3.0,Formats Co
construction,train,construction_train_034.jpg,https://commons.wikimedia.org/wiki/File:Jabalia_42_(3224349293).jpg,CC BY-SA 2.0,"RafahKid Kid from Rafah, Palestine"
construction,train,construction_train_035.jpg,https://commons.wikimedia.org/wiki/File:FEMA_-_40814_-_Clearing_debris_with_construction_equipment_in_Arkansas.jpg,Public domain,Win Henderson
construction,train,construction_train_036.jpg,"https://commons.wikimedia.org/wiki/File:Close-up_view_on_the_demolition_of_the_C.S._Post_Building_Amsterdam_on_Oosterdokseiland,_February_2011.jpg",CC0,Fons Heijnsbroek
construction,train,construction_train_037.jpg,"https://commons.wikimedia.org/wiki/File:Beton%C3%A1rna_TBG_Metrostav,_Praha_%E2%80%93_Rohansk%C3%BD_ostrov,_2018_(02).jpg",CC BY-SA 4.0,Draceane
construction,train,construction_train_038.jpg,https://commons.wikimedia.org/wiki/File:Pile_of_rubble_in_a_field_-_geograph.org.uk_-_3499459.jpg,CC BY-SA 2.0,Mat Fascione
construction,train,construction_train_039.jpg,https://commons.wikimedia.org/wiki/File:Csdi_damvillers.JPG,CC BY-SA 3.0,Chr nanterre
construction,train,construction_train_040.jpg,https://commons.wikimedia.org/wiki/File:Demolition_of_Rosenh%C3%BCgel_Film_Studios_10.jpg,CC BY-SA 4.0,Herzi Pinki
construction,train,construction_train_041.jpg,https://commons.wikimedia.org/wiki/File:Demolition_of_Rosenh%C3%BCgel_Film_Studios_09.jpg,CC BY-SA 4.0,Herzi Pinki
construction,train,construction_train_042.jpg,https://commons.wikimedia.org/wiki/File:Edificio_derrumbado_en_Catia_La_Mar.jpg,CC BY-SA 4.0,RatUnderground
construction,train,construction_train_043.jpg,https://commons.wikimedia.org/wiki/File:Escombros_de_edificios_del_urbanismo_%22Hugo_Ch%C3%A1vez%22_luego_del_terremoto_del_d%C3%ADa_24-06-26.jpg,CC BY-SA 4.0,RatUnderground
construction,train,construction_train_044.jpg,https://commons.wikimedia.org/wiki/File:Demolished_Rajaville_building_June2008_002.jpg,Public domain,Methem (Mikko J. Putkonen)
construction,train,construction_train_045.jpg,https://commons.wikimedia.org/wiki/File:Demolisher_at_Rajaville_June2008_002.jpg,Public domain,Methem (Mikko J. Putkonen)
construction,train,construction_train_046.jpg,"https://commons.wikimedia.org/wiki/File:C_Block,_City_Campus,_Ara_Institute_of_Canterbury,_Christchurch,_New_Zealand_09.jpg",CC BY-SA 4.0,Michal Klajban
construction,train,construction_train_047.jpg,"https://commons.wikimedia.org/wiki/File:C_Block,_City_Campus,_Ara_Institute_of_Canterbury,_Christchurch,_New_Zealand_08.jpg",CC BY-SA 4.0,Michal Klajban
construction,train,construction_train_048.jpg,https://commons.wikimedia.org/wiki/File:1_Illegal_Waste_Disposal_Site_in_Jerusalem%27s_Jabal_Mukaber_Neighborhood.jpg,CC0,אושרה דיין
construction,train,construction_train_049.jpg,https://commons.wikimedia.org/wiki/File:3_Illegal_Waste_Disposal_Site_in_Jerusalem%27s_Jabal_Mukaber_Neighborhood.jpg,CC0,אושרה דיין
construction,train,construction_train_050.jpg,https://commons.wikimedia.org/wiki/File:Trailer_and_pile_of_rubble_-_geograph.org.uk_-_3039088.jpg,CC BY-SA 2.0,Jonathan Thacker
construction,train,construction_train_051.jpg,https://commons.wikimedia.org/wiki/File:Just_a_pile_of_rubble_-_geograph.org.uk_-_6436468.jpg,CC BY-SA 2.0,Jonathan Thacker
construction,train,construction_train_052.jpg,https://commons.wikimedia.org/wiki/File:Pile_of_rubble_-_geograph.org.uk_-_6343163.jpg,CC BY-SA 2.0,Richard Sutcliffe
construction,train,construction_train_053.jpg,https://commons.wikimedia.org/wiki/File:A_pile_of_rubble_-_geograph.org.uk_-_6253565.jpg,CC BY-SA 2.0,Richard Sutcliffe
construction,train,construction_train_054.jpg,https://commons.wikimedia.org/wiki/File:Just_a_pile_of_rubble_-_geograph.org.uk_-_6666235.jpg,CC BY-SA 2.0,Mr Ignavy
construction,train,construction_train_055.jpg,https://commons.wikimedia.org/wiki/File:Just_a_pile_of_rubble_-_geograph.org.uk_-_6666233.jpg,CC BY-SA 2.0,Mr Ignavy
construction,train,construction_train_056.jpg,https://commons.wikimedia.org/wiki/File:Demolished_buildings.jpg,CC BY-SA 4.0,Tiia Monto
construction,train,construction_train_057.jpg,https://commons.wikimedia.org/wiki/File:Demolished_building.jpg,CC BY-SA 4.0,Tiia Monto
construction,train,construction_train_058.jpg,"https://commons.wikimedia.org/wiki/File:Moscow,_Kosmodamianskaya_32-34_annual_kerbstone_replacement_2023_03(DXO).jpg",CC0,Retired electrician
construction,train,construction_train_059.jpg,"https://commons.wikimedia.org/wiki/File:Moscow,_Kosmodamianskaya_32-34_annual_kerbstone_replacement_2023_01(DXO).jpg",CC0,Retired electrician
construction,train,construction_train_060.jpg,"https://commons.wikimedia.org/wiki/File:Moscow,_Rogozhsky_Val,_paving,_pile_of_concrete_and_manholes,_Sept_2025_02.jpg",CC0,Retired electrician
construction,train,construction_train_061.jpg,"https://commons.wikimedia.org/wiki/File:Centro_Congressi,_Riva_del_Garda_2.jpg",CC BY-SA 4.0,Leonardo Ferrari
construction,train,construction_train_062.jpg,"https://commons.wikimedia.org/wiki/File:Centro_Congressi,_Riva_del_Garda_3.jpg",CC BY-SA 4.0,Leonardo Ferrari
construction,train,construction_train_063.jpg,"https://commons.wikimedia.org/wiki/File:Centro_Congressi,_Riva_del_Garda_1.jpg",CC BY-SA 4.0,Leonardo Ferrari
construction,train,construction_train_064.jpg,https://commons.wikimedia.org/wiki/File:Still_a_pile_of_rubble_-_geograph.org.uk_-_8002550.jpg,CC BY-SA 2.0,Neil Owen
construction,train,construction_train_065.jpg,https://commons.wikimedia.org/wiki/File:Just_a_pile_of_rubble_-_geograph.org.uk_-_8204670.jpg,CC BY-SA 2.0,Neil Owen
construction,train,construction_train_066.jpg,https://commons.wikimedia.org/wiki/File:A_reinforced_steel_nest_-_geograph.org.uk_-_7238387.jpg,CC BY-SA 2.0,Neil Owen
construction,train,construction_train_067.jpg,https://commons.wikimedia.org/wiki/File:Massy_Essonne_071.jpg,CC BY-SA 3.0,Lionel Allorge
construction,train,construction_train_068.jpg,https://commons.wikimedia.org/wiki/File:Massy_Essonne_068.jpg,CC BY-SA 3.0,Lionel Allorge
construction,train,construction_train_069.jpg,https://commons.wikimedia.org/wiki/File:Massy_Essonne_065.jpg,CC BY-SA 3.0,Lionel Allorge
construction,train,construction_train_070.jpg,https://commons.wikimedia.org/wiki/File:Massy_Essonne_069.jpg,CC BY-SA 3.0,Lionel Allorge
construction,train,construction_train_071.jpg,"https://commons.wikimedia.org/wiki/File:Onze_Woning_apartment_renovation,_Hillegersberg,_Rotterdam_(2020)_30.jpg",CC BY-SA 4.0,Donald Trung Quoc Don (Chữ Hán: 徵國單) - Wikimedia Commons - © CC BY-SA 4.0 Intern
construction,train,construction_train_072.jpg,"https://commons.wikimedia.org/wiki/File:Onze_Woning_apartment_renovation,_Hillegersberg,_Rotterdam_(2020)_17.jpg",CC BY-SA 4.0,Donald Trung Quoc Don (Chữ Hán: 徵國單) - Wikimedia Commons - © CC BY-SA 4.0 Intern
construction,train,construction_train_073.jpg,"https://commons.wikimedia.org/wiki/File:Onze_Woning_apartment_renovation,_Hillegersberg,_Rotterdam_(2020)_25.jpg",CC BY-SA 4.0,Donald Trung Quoc Don (Chữ Hán: 徵國單) - Wikimedia Commons - © CC BY-SA 4.0 Intern
construction,train,construction_train_074.jpg,"https://commons.wikimedia.org/wiki/File:Onze_Woning_apartment_renovation,_Hillegersberg,_Rotterdam_(2020)_19.jpg",CC BY-SA 4.0,Donald Trung Quoc Don (Chữ Hán: 徵國單) - Wikimedia Commons - © CC BY-SA 4.0 Intern
construction,train,construction_train_075.jpg,"https://commons.wikimedia.org/wiki/File:Onze_Woning_apartment_renovation,_Hillegersberg,_Rotterdam_(2020)_18.jpg",CC BY-SA 4.0,Donald Trung Quoc Don (Chữ Hán: 徵國單) - Wikimedia Commons - © CC BY-SA 4.0 Intern
construction,train,construction_train_076.jpg,https://commons.wikimedia.org/wiki/File:DammstrWipkingenIII.jpg,CC BY 3.0,Abderitestatos
construction,train,construction_train_077.jpg,https://commons.wikimedia.org/wiki/File:DammstrWipkingenI.jpg,CC BY 3.0,Abderitestatos
construction,train,construction_train_078.jpg,https://commons.wikimedia.org/wiki/File:DammstrWipkingenIV.jpg,CC BY 3.0,Abderitestatos
construction,train,construction_train_079.jpg,https://commons.wikimedia.org/wiki/File:DorffplBassersdorff-20130507i.jpg,CC BY 3.0,Abderitestatos
construction,train,construction_train_080.jpg,https://commons.wikimedia.org/wiki/File:DorffplBassersdorff-20120925vii.jpg,CC BY 3.0,Abderitestatos
construction,train,construction_train_081.jpg,https://commons.wikimedia.org/wiki/File:DorffplBassersdorff-20130507ii.jpg,CC BY 3.0,Abderitestatos
construction,train,construction_train_082.jpg,"https://commons.wikimedia.org/wiki/File:D%C3%BClmen,_Abbrucharbeiten_ehem._KiK-Geb%C3%A4ude_--_2016_--_1414.jpg",CC BY-SA 4.0,Dietmar Rabich
construction,train,construction_train_083.jpg,"https://commons.wikimedia.org/wiki/File:D%C3%BClmen,_Abbrucharbeiten_ehem._KiK-Geb%C3%A4ude_--_2016_--_1410.jpg",CC BY-SA 4.0,Dietmar Rabich
construction,train,construction_train_084.jpg,"https://commons.wikimedia.org/wiki/File:D%C3%BClmen,_ehem._Diskothek_%22Fantasy%22_--_2020_--_0184.jpg",CC BY-SA 4.0,Dietmar Rabich
construction,train,construction_train_085.jpg,"https://commons.wikimedia.org/wiki/File:D%C3%BClmen,_ehem._Diskothek_%22Fantasy%22_--_2020_--_0183.jpg",CC BY-SA 4.0,Dietmar Rabich
construction,train,construction_train_086.jpg,"https://commons.wikimedia.org/wiki/File:D%C3%BClmen,_ehem._Diskothek_%22Fantasy%22_--_2020_--_0178.jpg",CC BY-SA 4.0,Dietmar Rabich
construction,train,construction_train_087.jpg,"https://commons.wikimedia.org/wiki/File:D%C3%BClmen,_ehem._Diskothek_%22Fantasy%22_--_2020_--_0182.jpg",CC BY-SA 4.0,Dietmar Rabich
construction,train,construction_train_088.jpg,"https://commons.wikimedia.org/wiki/File:D%C3%BClmen,_ehemalige_St.-Barbara-Kaserne,_Bauschutt_--_2021_--_0506.jpg",CC BY-SA 4.0,Dietmar Rabich
construction,train,construction_train_089.jpg,"https://commons.wikimedia.org/wiki/File:D%C3%BClmen,_ehemalige_St.-Barbara-Kaserne,_Bauschutt_--_2021_--_0504.jpg",CC BY-SA 4.0,Dietmar Rabich
construction,train,construction_train_090.jpg,"https://commons.wikimedia.org/wiki/File:Construction_waste,_Zichy%C3%BAjfalu_008.jpg",CC BY-SA 4.0,四代目火影
construction,train,construction_train_091.jpg,"https://commons.wikimedia.org/wiki/File:Construction_waste,_Zichy%C3%BAjfalu_003.jpg",CC BY-SA 4.0,四代目火影
construction,train,construction_train_092.jpg,"https://commons.wikimedia.org/wiki/File:Construction_waste,_Zichy%C3%BAjfalu_009.jpg",CC BY-SA 4.0,四代目火影
construction,train,construction_train_093.jpg,"https://commons.wikimedia.org/wiki/File:Construction_waste,_Zichy%C3%BAjfalu_006.jpg",CC BY-SA 4.0,四代目火影
construction,train,construction_train_094.jpg,"https://commons.wikimedia.org/wiki/File:Construction_waste,_Zichy%C3%BAjfalu_005.jpg",CC BY-SA 4.0,四代目火影
construction,train,construction_train_095.jpg,"https://commons.wikimedia.org/wiki/File:Construction_waste,_Zichy%C3%BAjfalu_007.jpg",CC BY-SA 4.0,四代目火影
construction,train,construction_train_096.jpg,"https://commons.wikimedia.org/wiki/File:Construction_waste,_Zichy%C3%BAjfalu_010.jpg",CC BY-SA 4.0,四代目火影
construction,train,construction_train_097.jpg,"https://commons.wikimedia.org/wiki/File:Construction_waste,_Zichy%C3%BAjfalu_011.jpg",CC BY-SA 4.0,四代目火影
construction,train,construction_train_098.jpg,"https://commons.wikimedia.org/wiki/File:Construction_waste,_Zichy%C3%BAjfalu_004.jpg",CC BY-SA 4.0,四代目火影
construction,train,construction_train_099.jpg,https://commons.wikimedia.org/wiki/File:Rubish_dumped_into_Mundikunta_lake_(88963).jpg,CC0,Syced
construction,train,construction_train_100.jpg,https://commons.wikimedia.org/wiki/File:Rubish_dumped_into_Mundikunta_lake_(49638).jpg,CC0,Syced
construction,holdout,construction_holdout_001.jpg,https://commons.wikimedia.org/wiki/File:Abandoned_house_demolished_debris_remaining.JPG,CC0,Tomwsulcer
construction,holdout,construction_holdout_002.jpg,https://commons.wikimedia.org/wiki/File:Edgewater_Octagon_demolition.JPG,CC BY-SA 3.0,Hisland7
construction,holdout,construction_holdout_003.jpg,https://commons.wikimedia.org/wiki/File:Gruz_2016_ubt.JPG,CC BY 4.0,Tomasz Sienicki
construction,holdout,construction_holdout_004.jpg,https://commons.wikimedia.org/wiki/File:IMG_1_-_Peligro_no_natural.jpg,CC BY-SA 4.0,Leslie Mendoza Calle
construction,holdout,construction_holdout_005.jpg,https://commons.wikimedia.org/wiki/File:FEMA_-_44111_-_Volunteer_Clears_Storm_Debris_with_construction_equipment_in_Mississippi.jpg,Public domain,George Armstrong
construction,holdout,construction_holdout_006.jpg,https://commons.wikimedia.org/wiki/File:Maastricht_2012_Afval_bij_bouw_tunnel_A2.JPG,CC BY-SA 3.0,Mark Ahsmann
construction,holdout,construction_holdout_007.jpg,https://commons.wikimedia.org/wiki/File:Building_construction-demolition-repair_waste_being_dumped_in_streets_in_Bengaluru.jpg,CC BY-SA 3.0,Mallikarjunasj
construction,holdout,construction_holdout_008.jpg,https://commons.wikimedia.org/wiki/File:Gas_Street_drained_W%26B_Canal_55.jpg,CC BY-SA 3.0,Oosoom at English Wikipedia
construction,holdout,construction_holdout_009.jpg,https://commons.wikimedia.org/wiki/File:Flat_pack_housing_-_geograph.org.uk_-_2626171.jpg,CC BY-SA 2.0,william
construction,holdout,construction_holdout_010.jpg,https://commons.wikimedia.org/wiki/File:Construction_wastes_in_Indonesia.jpg,CC BY 4.0,Encik Tekateki
construction,holdout,construction_holdout_011.jpg,https://commons.wikimedia.org/wiki/File:Grondwerkzaamheden_in_de_binnenhoven_Rijksmuseum.jpg,CC0,Rijksvastgoedbedrijf
construction,holdout,construction_holdout_012.jpg,https://commons.wikimedia.org/wiki/File:Demolished_building_-_panoramio.jpg,CC BY-SA 3.0,danmairen
construction,holdout,construction_holdout_013.jpg,"https://commons.wikimedia.org/wiki/File:BEHIND_UNOCCUPIED_1311_EAST_BOULEVARD,_A_CASUAL_DUMPING_GROUND_-_NARA_-_550253.jpg",Public domain,Frank John Aleksandrowicz
construction,holdout,construction_holdout_014.jpg,https://commons.wikimedia.org/wiki/File:Field_with_a_pile_of_rubble_-_geograph.org.uk_-_8263210.jpg,CC BY-SA 2.0,wrobison
construction,holdout,construction_holdout_015.jpg,https://commons.wikimedia.org/wiki/File:2512-Gravats-d%C3%A9molition.jpg,CC BY-SA 2.5,"Thierry Caro, pour le magazine 2512."
construction,holdout,construction_holdout_016.jpg,https://commons.wikimedia.org/wiki/File:A_pile_of_rubble_-_geograph.org.uk_-_5268139.jpg,CC BY-SA 2.0,Rose and Trev Clough
construction,holdout,construction_holdout_017.jpg,https://commons.wikimedia.org/wiki/File:Demolition_waste.jpg,CC BY 2.5,User:Petr K
construction,holdout,construction_holdout_018.jpg,https://commons.wikimedia.org/wiki/File:Bottle_Lake_Bottle_Lake_100.JPG,CC BY-SA 3.0,Schwede66
construction,holdout,construction_holdout_019.jpg,https://commons.wikimedia.org/wiki/File:Illegal_Dumping_Area_Off_the_New_Jersey_Turnpike_(29323452192).jpg,Public domain,Environmental Protection Agency
construction,holdout,construction_holdout_020.jpg,https://commons.wikimedia.org/wiki/File:Just_a_pile_of_rubble_-_geograph.org.uk_-_5561727.jpg,CC BY-SA 2.0,Alan Murray-Rust
hazardous,train,hazardous_train_001.jpg,"https://commons.wikimedia.org/wiki/File:D%C3%A9tritus_poche_de_perfusion,_bi%C3%A8re_et_tabac.jpg",CC BY-SA 4.0,Touam (Hervé Agnoux)
hazardous,train,hazardous_train_002.jpg,https://commons.wikimedia.org/wiki/File:Goodbye_CRT_TV_China_(36457782554).jpg,CC BY-SA 2.0,"Chris from Shenzhen, China"
hazardous,train,hazardous_train_003.jpg,"https://commons.wikimedia.org/wiki/File:Stanney_Mill_Road,_Ellesmere_Port_(3).JPG",CC BY-SA 3.0,Rept0n1x
hazardous,train,hazardous_train_004.jpg,https://commons.wikimedia.org/wiki/File:Firing_of_Railway_waste.jpg,CC BY-SA 4.0,HARISH PUTTU
hazardous,train,hazardous_train_005.jpg,https://commons.wikimedia.org/wiki/File:Garbej_dump_on_the_Delhi_-_Karnal_Road_02.jpg,CC BY-SA 4.0,Harvinder Chandigarh
hazardous,train,hazardous_train_006.jpg,https://commons.wikimedia.org/wiki/File:20200529-_DSC8235_(49950467713).jpg,CC0,Hungryogrephotos
hazardous,train,hazardous_train_007.jpg,https://commons.wikimedia.org/wiki/File:Schrott_Elektronik.jpg,CC0,Miriam Guterland
hazardous,train,hazardous_train_008.jpg,https://commons.wikimedia.org/wiki/File:Biomedical_waste.jpg,CC BY-SA 3.0,MFERMION
hazardous,train,hazardous_train_009.jpg,https://commons.wikimedia.org/wiki/File:Notvjacksonheights.jpg,CC BY 3.0,Fekner at English Wikipedia
hazardous,train,hazardous_train_010.jpg,https://commons.wikimedia.org/wiki/File:Old_computer_monitor_illegally_disposed_of_on_Bluegrade_Road_East_Wenatchee_Washington_2.jpg,CC BY-SA 4.0,Thayne Tuason
hazardous,train,hazardous_train_011.jpg,https://commons.wikimedia.org/wiki/File:My_memory._(34382033970).jpg,CC BY 2.0,"Rob Swystun from Winnipeg, Canada"
hazardous,train,hazardous_train_012.jpg,https://commons.wikimedia.org/wiki/File:Computer_Junk_next_to_Rex-Rotary_Vertriebs_GmbH_IMG_1412.JPG,CC BY-SA 3.0,James Michael DuPont
hazardous,train,hazardous_train_013.jpg,https://commons.wikimedia.org/wiki/File:Trash_Fire_near_Kathesimbhu_Stupa_(5187282218).jpg,CC BY-SA 2.0,"Greg Willis from Denver, CO, usa"
hazardous,train,hazardous_train_014.jpg,https://commons.wikimedia.org/wiki/File:Waste_burning_in_Nigeria.jpg,CC BY-SA 4.0,Tunesh247
hazardous,train,hazardous_train_015.jpg,https://commons.wikimedia.org/wiki/File:Electronic_waste_2.jpg,CC BY-SA 4.0,Tiia Monto
hazardous,train,hazardous_train_016.jpg,https://commons.wikimedia.org/wiki/File:Burning_waste_materials.jpg,CC BY-SA 4.0,Ibrahim442
hazardous,train,hazardous_train_017.jpg,https://commons.wikimedia.org/wiki/File:Trash_fire_on_the_sidewalk_(6369923559).jpg,CC BY 2.0,"Barry Pousman from New York, NY"
hazardous,train,hazardous_train_018.jpg,https://commons.wikimedia.org/wiki/File:0ld_keyboards.JPG,CC BY-SA 3.0,Zinneke
hazardous,train,hazardous_train_019.jpg,https://commons.wikimedia.org/wiki/File:4th_Day_-_Haghani_St..jpg,CC BY 2.0,Hamed Saber
hazardous,train,hazardous_train_020.jpg,https://commons.wikimedia.org/wiki/File:Basura_electr%C3%B3nica.jpg,CC BY-SA 4.0,Dolapeart
hazardous,train,hazardous_train_021.jpg,https://commons.wikimedia.org/wiki/File:Medical_waste.jpg,Public domain,GST HBK
hazardous,train,hazardous_train_022.jpg,https://commons.wikimedia.org/wiki/File:Electronic_waste.jpg,CC BY 2.0,Curtis Palmer
hazardous,train,hazardous_train_023.jpg,https://commons.wikimedia.org/wiki/File:Dumpster_on_fire.jpeg,CC BY 2.0,aeroix
hazardous,train,hazardous_train_024.jpg,https://commons.wikimedia.org/wiki/File:%D0%92%D1%8B%D0%B1%D1%80%D0%BE%D1%88%D0%B5%D0%BD%D0%BD%D0%B0%D1%8F_%D0%BA%D0%BB%D0%B0%D0%B2%D0%B8%D0%B0%D1%82%D1%83%D1%80%D0%B0.jpg,CC BY-SA 4.0,Vitaliy VK
hazardous,train,hazardous_train_025.jpg,https://commons.wikimedia.org/wiki/File:A_burning_roadside_garbage_dump_at_Panvel_Naka_near_Mumbai.jpg,CC BY-SA 4.0,Sumaira Abdulali
hazardous,train,hazardous_train_026.jpg,https://commons.wikimedia.org/wiki/File:New_Road-kathmandu-14.jpg,CC BY 2.0,"S Pakhrin from DC, USA"
hazardous,train,hazardous_train_027.jpg,https://commons.wikimedia.org/wiki/File:Broken_Computers_-_Flickr_-_psd.jpg,CC BY 2.0,"Paul Downey from Berkhamsted, UK"
hazardous,train,hazardous_train_028.jpg,https://commons.wikimedia.org/wiki/File:Shiroko-Pole-mart-2012-1.JPG,CC BY-SA 3.0,Filo Media
hazardous,train,hazardous_train_029.jpg,https://commons.wikimedia.org/wiki/File:Syringes_(21578621128).jpg,CC BY-SA 2.0,"Sam Nabi from Paris, France"
hazardous,train,hazardous_train_030.jpg,https://commons.wikimedia.org/wiki/File:Dumpster_fire.jpg,CC BY-SA 4.0,Rania al-Bahara
hazardous,train,hazardous_train_031.jpg,https://commons.wikimedia.org/wiki/File:India_Victor_Grigas_2011-13.jpg,CC BY-SA 3.0,Victorgrigas
hazardous,train,hazardous_train_032.jpg,https://commons.wikimedia.org/wiki/File:Residus_electr%C3%B3nics_(1454523533).jpg,CC BY 2.0,Anna
hazardous,train,hazardous_train_033.jpg,https://commons.wikimedia.org/wiki/File:Television_dumped.jpg,Public domain,Apdency
hazardous,train,hazardous_train_034.jpg,"https://commons.wikimedia.org/wiki/File:Burning_dumpster_at_George_Floyd_protests_in_Washington_DC,_Lafayette_Square.jpg",CC BY-SA 4.0,Rosa Pineda
hazardous,train,hazardous_train_035.jpg,https://commons.wikimedia.org/wiki/File:Burning_waste_on_Land_Gate_Lane_-_geograph.org.uk_-_5288587.jpg,CC BY-SA 2.0,Gary Rogers
hazardous,train,hazardous_train_036.jpg,https://commons.wikimedia.org/wiki/File:E_waste_bin.jpg,CC BY-SA 4.0,Patrickewastenz
hazardous,train,hazardous_train_037.jpg,https://commons.wikimedia.org/wiki/File:Green_waste_pile_burning_at_Willard_Springs_Transfer_Station_(28101157869).jpg,Public domain,Coconino National Forest
hazardous,train,hazardous_train_038.jpg,https://commons.wikimedia.org/wiki/File:Computer_Recycling_Scrapyard_Ottawa_Canada_1996_enh.jpg,CC BY-SA 4.0,Paul Harrison
hazardous,train,hazardous_train_039.jpg,https://commons.wikimedia.org/wiki/File:Ewaste-pile.jpg,Public domain,AvWijk
hazardous,train,hazardous_train_040.jpg,https://commons.wikimedia.org/wiki/File:Valdez_Trash_Pile.jpg,Public domain,Unknown authorUnknown author
hazardous,train,hazardous_train_041.jpg,https://commons.wikimedia.org/wiki/File:Burning_of_waste.jpg,CC BY-SA 4.0,Apdoull
hazardous,train,hazardous_train_042.jpg,https://commons.wikimedia.org/wiki/File:Protective_clothing.jpg,Public domain,Photo Credit: Content Providers(s): CDC/
hazardous,train,hazardous_train_043.jpg,https://commons.wikimedia.org/wiki/File:CDC_worker_incinerates_med-waste_from_Ebola_patients_in_Zaire.jpg,Public domain,CDC/ Dr. Lyle Conrad
hazardous,train,hazardous_train_044.jpg,https://commons.wikimedia.org/wiki/File:19_Waste_recycling_-_Laminated_car_glass_recycling_stockpile_in_Poland.jpg,CC BY 3.0,Marek Ślusarczyk (Tupungato) Photo portfolio
hazardous,train,hazardous_train_045.jpg,https://commons.wikimedia.org/wiki/File:E-Waste_Recycling_(7027059003).jpg,CC BY 2.0,"Alex Proimos from Sydney, Australia"
hazardous,train,hazardous_train_046.jpg,https://commons.wikimedia.org/wiki/File:Brokencircuitboard2011.jpg,CC BY-SA 3.0,Guinnog
hazardous,train,hazardous_train_047.jpg,https://commons.wikimedia.org/wiki/File:Ored.jpg,CC BY-SA 2.0,"Rob from Washington, DC, USA"
hazardous,train,hazardous_train_048.jpg,https://commons.wikimedia.org/wiki/File:Future_firefighters_train_at_Vandenberg.jpg,Public domain,U.S. Air Force photo/Staff Sgt. Levi Riendeau
hazardous,train,hazardous_train_049.jpg,https://commons.wikimedia.org/wiki/File:Working_on_the_Garbage_Dump_(29593913877).jpg,CC BY 2.0,"Mike Prince from Bangalore, India"
hazardous,train,hazardous_train_050.jpg,https://commons.wikimedia.org/wiki/File:Dead_Computer_-_Flickr_-_blmurch.jpg,CC BY 2.0,"Beatrice Murch from Buenos Aires, Argentina"
hazardous,train,hazardous_train_051.jpg,https://commons.wikimedia.org/wiki/File:HiH_-_Solid_Waste_Mgmt_-_raw_dump_site_needing_intervention_-_02_(5184695766).jpg,CC BY 2.0,"McKay Savage from London, UK"
hazardous,train,hazardous_train_052.jpg,https://commons.wikimedia.org/wiki/File:Dumpster_Fire_(3968047605).jpg,CC BY-SA 2.0,"Peretz Partensky from San Francisco, USA"
hazardous,train,hazardous_train_053.jpg,"https://commons.wikimedia.org/wiki/File:Rheinbach,_Aufr%C3%A4umen_nach_dem_Hochwasser_Juli_2021-2579.jpg",CC BY-SA 4.0,Raimond Spekking
hazardous,train,hazardous_train_054.jpg,"https://commons.wikimedia.org/wiki/File:Motorcycle_batteries_at_a_recycling_station_in_Tuntorp,_Brastad_2.jpg",CC BY 4.0,W.carter
hazardous,train,hazardous_train_055.jpg,https://commons.wikimedia.org/wiki/File:Electronic_junk_separation_in_view_of_recycling_2.jpg,CC0,Syced
hazardous,train,hazardous_train_056.jpg,https://commons.wikimedia.org/wiki/File:Electronic_junk_separation_in_view_of_recycling_3.jpg,CC0,Syced
hazardous,train,hazardous_train_057.jpg,https://commons.wikimedia.org/wiki/File:Discarded_Face_Mask_Marked_%E2%80%9CCOVID%E2%80%9D_on_the_Ground.jpg,CC BY-SA 4.0,A S M Jobaer
hazardous,train,hazardous_train_058.jpg,https://commons.wikimedia.org/wiki/File:Discarded_Face_Mask_with_%22COVID%22_Written_on_It_01.jpg,CC BY-SA 4.0,A S M Jobaer
hazardous,train,hazardous_train_059.jpg,https://commons.wikimedia.org/wiki/File:Kineskop.JPG,CC BY-SA 4.0,MOs810
hazardous,train,hazardous_train_060.jpg,"https://commons.wikimedia.org/wiki/File:Kineskopy,_Borowiec.JPG",CC BY-SA 4.0,MOs810
hazardous,train,hazardous_train_061.jpg,https://commons.wikimedia.org/wiki/File:It_takes_a_lot_of_illegally_processed_e-waste_and_computer_monitors_to_leave_this_number_of_frames.jpg,CC0,Scotted400
hazardous,train,hazardous_train_062.jpg,https://commons.wikimedia.org/wiki/File:Discarded_leftover_e-waste_parts_in_Hong_Kong.jpg,CC0,Scotted400
hazardous,train,hazardous_train_063.jpg,"https://commons.wikimedia.org/wiki/File:Open_burning_of_solid_waste_in_a_drainage_channel_in_Irawo,_Atisbo,_Oyo_State,_Nigeria.jpg",CC0,NigerianScribe
hazardous,train,hazardous_train_064.jpg,"https://commons.wikimedia.org/wiki/File:Open_burning_of_household_waste_in_Irawo,_Atisbo,_Oyo_State,_Nigeria.jpg",CC0,NigerianScribe
hazardous,train,hazardous_train_065.jpg,https://commons.wikimedia.org/wiki/File:Revox_B215_-_e-waste_-_old_capacitors.jpg,CC0,Retired electrician
hazardous,train,hazardous_train_066.jpg,https://commons.wikimedia.org/wiki/File:Soviet_K50-6_capacitors_-_e-waste_from_Yauza-209-1_tape_recorder_01(DXO).jpg,CC0,Retired electrician
hazardous,train,hazardous_train_067.jpg,https://commons.wikimedia.org/wiki/File:Computer_displays_.JPG,CC BY-SA 4.0,"Eugenio Hansen, OFS"
hazardous,train,hazardous_train_068.jpg,https://commons.wikimedia.org/wiki/File:Computer_displays.JPG,CC BY-SA 4.0,"Eugenio Hansen, OFS"
hazardous,train,hazardous_train_069.jpg,https://commons.wikimedia.org/wiki/File:Burning_Garbage_-_Nizamat_Fort_Campus_-_Lalbagh_-_Murshidabad_2017-03-28_6538.JPG,CC BY 3.0,Biswarup Ganguly
hazardous,train,hazardous_train_070.jpg,https://commons.wikimedia.org/wiki/File:Burning_Garbage_-_Padmapukur_Water_Treatment_Plant_Road_-_Howrah_20180528081344.jpg,CC BY-SA 4.0,Biswarup Ganguly
hazardous,train,hazardous_train_071.jpg,https://commons.wikimedia.org/wiki/File:Burning_Garbage_-_Nizamat_Fort_Campus_-_Lalbagh_-_Murshidabad_2017-03-28_6537.JPG,CC BY 3.0,Biswarup Ganguly
hazardous,train,hazardous_train_072.jpg,https://commons.wikimedia.org/wiki/File:Box_of_e-waste_-_IMG_2285.jpg,CC BY 2.0,Jemimus
hazardous,train,hazardous_train_073.jpg,https://commons.wikimedia.org/wiki/File:E-waste_-_IMG_2295_-_337453385.jpg,CC BY 2.0,Jemimus
hazardous,train,hazardous_train_074.jpg,https://commons.wikimedia.org/wiki/File:E-waste_(2)_-_IMG_2290.jpg,CC BY 2.0,Jemimus
hazardous,train,hazardous_train_075.jpg,https://commons.wikimedia.org/wiki/File:Waste_materials--St._Paul_-_DPLA_-_05f59bb1c780384e02c20bf2f857daeb.JPG,Public domain,Department of Commerce. National Oceanic and Atmospheric Administration. Nationa
hazardous,train,hazardous_train_076.jpg,https://commons.wikimedia.org/wiki/File:Waste_materials--St._Paul_-_DPLA_-_ea8473f9cf9e109a9842169dd3f213c0.JPG,Public domain,Department of Commerce. National Oceanic and Atmospheric Administration. Nationa
hazardous,train,hazardous_train_077.jpg,https://commons.wikimedia.org/wiki/File:Waste_materials--St._Paul_-_DPLA_-_106182139cc6ecce6721b9072b4794f1.JPG,Public domain,Department of Commerce. National Oceanic and Atmospheric Administration. Nationa
hazardous,train,hazardous_train_078.jpg,https://commons.wikimedia.org/wiki/File:Dumpster_Fire_(4087289013).jpg,CC BY 2.0,"Ben Watts from Ottawa, Canada"
hazardous,train,hazardous_train_079.jpg,https://commons.wikimedia.org/wiki/File:Dumpster_Fire_Almost_Out_(4087290063).jpg,CC BY 2.0,"Ben Watts from Ottawa, Canada"
hazardous,train,hazardous_train_080.jpg,https://commons.wikimedia.org/wiki/File:Dumpster_Fire_Sifting_through_the_Dumpster_(4087290897).jpg,CC BY 2.0,"Ben Watts from Ottawa, Canada"
hazardous,train,hazardous_train_081.jpg,https://commons.wikimedia.org/wiki/File:Dumpster_Fire_(4088047046).jpg,CC BY 2.0,"Ben Watts from Ottawa, Canada"
hazardous,train,hazardous_train_082.jpg,https://commons.wikimedia.org/wiki/File:Burning_dry_leaves_outdoors_in_Nigeria_03.jpg,CC BY-SA 4.0,Zmu'az4Z
hazardous,train,hazardous_train_083.jpg,https://commons.wikimedia.org/wiki/File:Burning_dry_leaves_outdoors_in_Nigeria_07.jpg,CC BY-SA 4.0,Zmu'az4Z
hazardous,train,hazardous_train_084.jpg,https://commons.wikimedia.org/wiki/File:Burning_dry_leaves_outdoors_in_Nigeria_04.jpg,CC BY-SA 4.0,Zmu'az4Z
hazardous,train,hazardous_train_085.jpg,https://commons.wikimedia.org/wiki/File:Burning_dry_leaves_outdoors_in_Nigeria_02.jpg,CC BY-SA 4.0,Zmu'az4Z
hazardous,train,hazardous_train_086.jpg,https://commons.wikimedia.org/wiki/File:Burning_dry_leaves_outdoors_in_Nigeria_01.jpg,CC BY-SA 4.0,Zmu'az4Z
hazardous,train,hazardous_train_087.jpg,https://commons.wikimedia.org/wiki/File:Burning_dry_leaves_outdoors_in_Nigeria_06.jpg,CC BY-SA 4.0,Zmu'az4Z
hazardous,train,hazardous_train_088.jpg,https://commons.wikimedia.org/wiki/File:Burning_dry_leaves_outdoors_in_Nigeria_05.jpg,CC BY-SA 4.0,Zmu'az4Z
hazardous,train,hazardous_train_089.jpg,https://commons.wikimedia.org/wiki/File:Electronic_waste_-_April_2017_-_(8).jpg,CC BY-SA 4.0,Jacopo Werther
hazardous,train,hazardous_train_090.jpg,https://commons.wikimedia.org/wiki/File:Electronic_waste_-_April_2017_-_(5).jpg,CC BY-SA 4.0,Jacopo Werther
hazardous,train,hazardous_train_091.jpg,https://commons.wikimedia.org/wiki/File:Electronic_waste_-_April_2017_-_(6).jpg,CC BY-SA 4.0,Jacopo Werther
hazardous,train,hazardous_train_092.jpg,https://commons.wikimedia.org/wiki/File:Electronic_waste_-_April_2017_-_(2).jpg,CC BY-SA 4.0,Jacopo Werther
hazardous,train,hazardous_train_093.jpg,https://commons.wikimedia.org/wiki/File:Electronic_waste_-_April_2017.jpg,CC BY-SA 4.0,Jacopo Werther
hazardous,train,hazardous_train_094.jpg,https://commons.wikimedia.org/wiki/File:Electronic_waste_-_April_2017_-_(3).jpg,CC BY-SA 4.0,Jacopo Werther
hazardous,train,hazardous_train_095.jpg,https://commons.wikimedia.org/wiki/File:Electronic_waste_-_April_2017_-_(4).jpg,CC BY-SA 4.0,Jacopo Werther
hazardous,holdout,hazardous_holdout_001.jpg,https://commons.wikimedia.org/wiki/File:E-waste.jpg,CC BY-SA 3.0,Praveenp
hazardous,holdout,hazardous_holdout_002.jpg,"https://commons.wikimedia.org/wiki/File:Electronic_waste_stockpile,_Christchurch,_New_Zealand.JPG",Public domain,Alan Liefting
hazardous,holdout,hazardous_holdout_003.jpg,"https://commons.wikimedia.org/wiki/File:ABOUT_3,000_DRUMS_CONTAINING_HAZARDOUS_INDUSTRIAL_WASTES_HAVE_BEEN_STORED_FOR_SIX_MONTHS_IN_THIS_SWAMPY_FIELD_NEAR..._-_NARA_-_552884.jpg",Public domain,John Messina
hazardous,holdout,hazardous_holdout_004.jpg,https://commons.wikimedia.org/wiki/File:Computer_that%27s_had_its_chips_-_geograph.org.uk_-_735712.jpg,CC BY-SA 2.0,Richard Dorrell
hazardous,holdout,hazardous_holdout_005.jpg,https://commons.wikimedia.org/wiki/File:Ruined_trig_point_on_Mynydd_y_Gaer_-_geograph.org.uk_-_2655580.jpg,CC BY-SA 2.0,Younger1978
hazardous,holdout,hazardous_holdout_006.jpg,https://commons.wikimedia.org/wiki/File:Board_mother_tarjeta_madre_crista_castellanos.jpg,CC BY-SA 4.0,Crista Castellanos
hazardous,holdout,hazardous_holdout_007.jpg,"https://commons.wikimedia.org/wiki/File:Library_of_Environmental_Images,_Office_of_Research_and_Development_(ORD),_September_1996_-_Municipal_Solid_Waste_-_Batteries_representing_typical_household_hazardous_waste_-_DPLA_-_aa8cbde7c252fcd532e8c343bd02210b.JPG",Public domain,Environmental Protection Agency. 12/2/1970
hazardous,holdout,hazardous_holdout_008.jpg,https://commons.wikimedia.org/wiki/File:Ash_left_after_open_burning_of_waste_03.jpg,CC0,Dustfreeworld
hazardous,holdout,hazardous_holdout_009.jpg,https://commons.wikimedia.org/wiki/File:RetiredCPUs.jpg,CC BY-SA 3.0,Ondřej Martin Mach
hazardous,holdout,hazardous_holdout_010.jpg,"https://commons.wikimedia.org/wiki/File:Electronic_waste_at_Agbogbloshie,_Ghana.jpg",CC BY-SA 4.0,Muntaka Chasant
hazardous,holdout,hazardous_holdout_011.jpg,https://commons.wikimedia.org/wiki/File:-052_-_Dead_Monitors_(25175413605).jpg,CC BY 2.0,"Rodrigo Paredes from Ciudad Autónoma de Buenos Aires, Argentina"
hazardous,holdout,hazardous_holdout_012.jpg,https://commons.wikimedia.org/wiki/File:Medical_equipments_as_a_biomedical_waste_category_including_metalic_waste_such_as_mercury.jpg,CC BY-SA 4.0,Athimadhav
hazardous,holdout,hazardous_holdout_013.jpg,https://commons.wikimedia.org/wiki/File:Elektronikschrott-01.jpg,Public domain,Priwo
hazardous,holdout,hazardous_holdout_014.jpg,https://commons.wikimedia.org/wiki/File:Ewaste-delhi.jpg,CC BY-SA 2.0 de,The original uploader was Thousandways at German Wikipedia. (Original text: Mat
hazardous,holdout,hazardous_holdout_015.jpg,https://commons.wikimedia.org/wiki/File:Illegal_dumping_on_public_lands_in_the_Medford_District_(18994171538).jpg,Public domain,BLM Oregon & Washington
hazardous,holdout,hazardous_holdout_016.jpg,https://commons.wikimedia.org/wiki/File:Steckernetzteile.jpg,CC BY-SA 3.0,Johann H. Addicks
hazardous,holdout,hazardous_holdout_017.jpg,https://commons.wikimedia.org/wiki/File:Medical_waste_sorting_in_hospital.jpg,CC BY 2.0,Stephen Witherden
hazardous,holdout,hazardous_holdout_018.jpg,https://commons.wikimedia.org/wiki/File:Drums_with_toxic_waste_2776.jpg,Public domain,Mampato
hazardous,holdout,hazardous_holdout_019.jpg,https://commons.wikimedia.org/wiki/File:Upside_down_IBM_G40_with_leaves_20130104.jpg,CC BY-SA 2.0,anokarina from United States
mixed,train,mixed_train_001.jpg,https://commons.wikimedia.org/wiki/File:%E0%AE%A4%E0%AE%A3%E0%AF%8D%E0%AE%9F%E0%AE%B5%E0%AE%BE%E0%AE%B3%E0%AE%95%E0%AF%8D_%E0%AE%95%E0%AF%81%E0%AE%AA%E0%AF%8D%E0%AE%AA%E0%AF%88%E0%AE%95%E0%AE%B3%E0%AF%8D.jpg,CC BY-SA 4.0,Jagadeeswarann99
mixed,train,mixed_train_002.jpg,"https://commons.wikimedia.org/wiki/File:Waste_Disposed_at_bank_of_the_Bagmati_river,_Chobhar.jpg",CC BY-SA 4.0,Aashmas123
mixed,train,mixed_train_003.jpg,https://commons.wikimedia.org/wiki/File:People_in_Haridwar_001.jpg,CC BY-SA 3.0,Antoine Taveneaux
mixed,train,mixed_train_004.jpg,"https://commons.wikimedia.org/wiki/File:Piles_of_plastic_waste_in_Thilafushi,_2012_(6).jpg",CC BY 2.0,Dying Regime
mixed,train,mixed_train_005.jpg,https://commons.wikimedia.org/wiki/File:Sheikhupura_Fort_fornt_well.jpg,CC BY-SA 3.0,Omarjhawarian
mixed,train,mixed_train_006.jpg,https://commons.wikimedia.org/wiki/File:The_bad_side.jpg,CC BY-SA 4.0,Rohan11Prakash
mixed,train,mixed_train_007.jpg,https://commons.wikimedia.org/wiki/File:Poorly_manage_plastic_waste_in_Nigeria.jpg,CC BY-SA 4.0,Tunesh247
mixed,train,mixed_train_008.jpg,https://commons.wikimedia.org/wiki/File:Santragachi_Jheel_10.jpg,CC BY-SA 4.0,Satabdi Datta
mixed,train,mixed_train_009.jpg,https://commons.wikimedia.org/wiki/File:Garbage_Vat_-_Padmapukur_Water_Treatment_Plant_Road_-_Howrah_2023-12-12_00121.jpg,CC BY 4.0,Gangulybiswarup
mixed,train,mixed_train_010.jpg,https://commons.wikimedia.org/wiki/File:Basse_mannest%C3%A9s_Sidi_Smayil.JPG,CC BY-SA 3.0,Lucyin
mixed,train,mixed_train_011.jpg,https://commons.wikimedia.org/wiki/File:Garbage_dump_Ooty.jpg,CC BY-SA 4.0,Anand Osuri
mixed,train,mixed_train_012.jpg,https://commons.wikimedia.org/wiki/File:Trash_dump_by_the_river_bed_(13092110675).jpg,CC BY 2.0,"John Hoey from Framingham, MA, United States"
mixed,train,mixed_train_013.jpg,https://commons.wikimedia.org/wiki/File:Garbage_along_road_Tourism_ATR_P1180860.jpg,CC BY-SA 4.0,T. R. Shankar Raman
mixed,train,mixed_train_014.jpg,"https://commons.wikimedia.org/wiki/File:Garbage_dumping_site_in_santiketan,_khoai,_Birbhum,_West_Bengal.jpg",CC BY-SA 4.0,Sagnik Samanta
mixed,train,mixed_train_015.jpg,https://commons.wikimedia.org/wiki/File:Garbage_on_a_roadside.JPG,CC BY-SA 3.0,Surya Prakash.S.A.
mixed,train,mixed_train_016.jpg,https://commons.wikimedia.org/wiki/File:November_14_2012_strike_in_Barcelona_(13).JPG,CC BY-SA 3.0,Kippelboy
mixed,train,mixed_train_017.jpg,https://commons.wikimedia.org/wiki/File:Charkop_Dumping.JPG,Public domain,DLS
mixed,train,mixed_train_018.jpg,https://commons.wikimedia.org/wiki/File:Garbage_Bangalore.jpg,CC BY-SA 3.0,Shyamal
mixed,train,mixed_train_019.jpg,https://commons.wikimedia.org/wiki/File:Pandharpur_landfill_(2731725010).jpg,CC BY 2.0,SuSanA Secretariat
mixed,train,mixed_train_020.jpg,https://commons.wikimedia.org/wiki/File:Fort_Cochin_(6162554304).jpg,CC BY-SA 2.0,Richard Randall from France
mixed,train,mixed_train_021.jpg,https://commons.wikimedia.org/wiki/File:India-5237_-_Flickr_-_archer10_(Dennis).jpg,CC BY-SA 2.0,Dennis G. Jarvis
mixed,train,mixed_train_022.jpg,https://commons.wikimedia.org/wiki/File:Caribbean_Landfill.jpg,CC BY-SA 2.0,Grisha Levit
mixed,train,mixed_train_023.jpg,https://commons.wikimedia.org/wiki/File:Slum_in_Chennai.JPG,CC BY-SA 3.0,Christian Huemer/Österreich
mixed,train,mixed_train_024.jpg,https://commons.wikimedia.org/wiki/File:Open_Sewer_(244653631).jpeg,CC BY 3.0,Francisco Anzola
mixed,train,mixed_train_025.jpg,https://commons.wikimedia.org/wiki/File:Garbage_dump_in_Karachi.jpg,CC BY-SA 4.0,Kskhh
mixed,train,mixed_train_026.jpg,https://commons.wikimedia.org/wiki/File:Bagmati-waste_disposal.jpg,CC BY-SA 4.0,Sabinanepal
mixed,train,mixed_train_027.jpg,https://commons.wikimedia.org/wiki/File:2009-03_Janakpur_37.jpg,CC BY 3.0,Ralf Lotys (Sicherlich)
mixed,train,mixed_train_028.jpg,https://commons.wikimedia.org/wiki/File:Landfill_compactor.jpg,Public domain,Ropable
mixed,train,mixed_train_029.jpg,https://commons.wikimedia.org/wiki/File:Plastic_pollution_2024.jpg,CC BY-SA 4.0,Mandeiya flower
mixed,train,mixed_train_030.jpg,https://commons.wikimedia.org/wiki/File:Littery_street_in_Jaipur.jpg,CC0,Dudva
mixed,train,mixed_train_031.jpg,https://commons.wikimedia.org/wiki/File:Veg_waste_Hyd_Market.jpg,CC BY-SA 2.0,fraboof
mixed,train,mixed_train_032.jpg,https://commons.wikimedia.org/wiki/File:Illegaler_Bauschutt_-_illegal_construction_waste_-_Flickr_-_photoheuristic.info.jpg,CC BY 2.0,photoheuristic.info
mixed,train,mixed_train_033.jpg,https://commons.wikimedia.org/wiki/File:Open_Waste_Disposal_Heap.jpg,CC0,Paul The Writer
mixed,train,mixed_train_034.jpg,https://commons.wikimedia.org/wiki/File:Rubbish_bin_Shlisselburg.jpg,CC BY-SA 4.0,Antonio Kless
mixed,train,mixed_train_035.jpg,https://commons.wikimedia.org/wiki/File:Garbage_in_front_of_the_Jageshwar_temples_(6133841452).jpg,CC BY 2.0,"Varun Shiv Kapur from New Delhi, India"
mixed,train,mixed_train_036.jpg,https://commons.wikimedia.org/wiki/File:Junkyard_hujir.JPG,CC BY-SA 3.0,Nanoworld
mixed,train,mixed_train_037.jpg,https://commons.wikimedia.org/wiki/File:Dharavi_DSC3217_(5843520512).jpg,CC BY-SA 2.0,M M from Switzerland
mixed,train,mixed_train_038.jpg,"https://commons.wikimedia.org/wiki/File:Plastic_pollution_in_campus_area_of_visva_bharati_,_santiniketan_,_west_bengal.jpg",CC BY-SA 4.0,Sagnik Samanta
mixed,train,mixed_train_039.jpg,https://commons.wikimedia.org/wiki/File:Plastic_and_earthen_cups_at_bolpur_bus_stand_santiniketan_west_bengal_India.jpg,CC BY-SA 4.0,Sagnik Samanta
mixed,train,mixed_train_040.jpg,https://commons.wikimedia.org/wiki/File:India_-_Sights_%26_Culture_-_Common_garbage_dump_outside_a_temple_(2566331277).jpg,CC BY 2.0,"McKay Savage from London, UK"
mixed,train,mixed_train_041.jpg,https://commons.wikimedia.org/wiki/File:India_-_Sights_%26_Culture_-_garbage-filled_canal_(2832914746).jpg,CC BY 2.0,"McKay Savage from London, UK"
mixed,train,mixed_train_042.jpg,https://commons.wikimedia.org/wiki/File:Jangammet_School_Garbage_Issue.jpg,CC0,Warrantys
mixed,train,mixed_train_043.jpg,https://commons.wikimedia.org/wiki/File:Jangammet_Garbage_Issue.jpg,CC0,Warrantys
mixed,train,mixed_train_044.jpg,https://commons.wikimedia.org/wiki/File:Plastic_Pollution1.jpg,CC BY-SA 4.0,Janak Bhatta
mixed,train,mixed_train_045.jpg,https://commons.wikimedia.org/wiki/File:Plastic_Pollution.jpg,CC BY-SA 4.0,Janak Bhatta
mixed,train,mixed_train_046.jpg,https://commons.wikimedia.org/wiki/File:A_dog%27s_life_in_the_garbage_heap_1.jpg,CC BY-SA 4.0,Vishwanatha Badikana
mixed,train,mixed_train_047.jpg,https://commons.wikimedia.org/wiki/File:A_dog%27s_life_in_the_garbage_heap_2.jpg,CC BY-SA 4.0,Vishwanatha Badikana
mixed,train,mixed_train_048.jpg,https://commons.wikimedia.org/wiki/File:Garbage_area_in_Shikharji.jpg,CC BY-SA 4.0,Capankajsmilyo
mixed,train,mixed_train_049.jpg,https://commons.wikimedia.org/wiki/File:Dump_Area.jpg,CC BY-SA 4.0,Capankajsmilyo
mixed,train,mixed_train_050.jpg,https://commons.wikimedia.org/wiki/File:Waste_in_a_city_garden_01.jpg,CC BY-SA 4.0,Lamiot
mixed,train,mixed_train_051.jpg,https://commons.wikimedia.org/wiki/File:Waste_in_a_city_garden_02.jpg,CC BY-SA 4.0,Lamiot
mixed,train,mixed_train_052.jpg,https://commons.wikimedia.org/wiki/File:Jaipur_trash_recycling.JPG,CC BY-SA 4.0,Marcin Białek
mixed,train,mixed_train_053.jpg,https://commons.wikimedia.org/wiki/File:Jaipur_cows_eating_trash.JPG,CC BY-SA 4.0,Marcin Białek
mixed,train,mixed_train_054.jpg,https://commons.wikimedia.org/wiki/File:Plastic_waste_hip_in_a_community.jpg,CC BY-SA 4.0,Knowledge and philosophy
mixed,train,mixed_train_055.jpg,"https://commons.wikimedia.org/wiki/File:Plastic_pollution_in_Kakpagyili,_Tamle_Ghana.jpg",CC BY-SA 4.0,Knowledge and philosophy
mixed,train,mixed_train_056.jpg,https://commons.wikimedia.org/wiki/File:Greater_adjutant_stork_garbage_dump_Guwahati_AJTJ_DSCN7659.JPG,CC BY-SA 3.0,"A. J. T. Johnsingh, WWF-India and NCF"
mixed,train,mixed_train_057.jpg,https://commons.wikimedia.org/wiki/File:Greater_adjutant_stork_garbage_dump_Guwahati_AJTJ_DSCN7662.JPG,CC BY-SA 3.0,"A. J. T. Johnsingh, WWF-India and NCF"
mixed,train,mixed_train_058.jpg,https://commons.wikimedia.org/wiki/File:Natural_Recycling.jpg,CC BY-SA 4.0,Sahilrathod
mixed,train,mixed_train_059.jpg,https://commons.wikimedia.org/wiki/File:Garbage_and_a_cow.jpg,CC BY-SA 4.0,Sahilrathod
mixed,train,mixed_train_060.jpg,https://commons.wikimedia.org/wiki/File:0909_Assolna_2006-02-18_16-53-47_(10551816606).jpg,CC BY-SA 2.0,Klaus Nahr from Germany
mixed,train,mixed_train_061.jpg,https://commons.wikimedia.org/wiki/File:0740_Margao_2006-02-17_14-12-25_(10544598085).jpg,CC BY-SA 2.0,Klaus Nahr from Germany
mixed,train,mixed_train_062.jpg,https://commons.wikimedia.org/wiki/File:A_heap_of_electrical_garbage_thrown_at_the_road_side_in_Mwenge_in_Kyenjojo_district_04.jpg,CC BY-SA 4.0,BalukuBrian
mixed,train,mixed_train_063.jpg,https://commons.wikimedia.org/wiki/File:A_heap_of_electrical_garbage_thrown_at_the_road_side_in_Mwenge_in_Kyenjojo_district_01.jpg,CC BY-SA 4.0,BalukuBrian
mixed,train,mixed_train_064.jpg,https://commons.wikimedia.org/wiki/File:Refuse_dump_3.jpg,CC BY-SA 4.0,Fquasie
mixed,train,mixed_train_065.jpg,https://commons.wikimedia.org/wiki/File:Refuse_dump_4.jpg,CC BY-SA 4.0,Fquasie
mixed,train,mixed_train_066.jpg,https://commons.wikimedia.org/wiki/File:Dogs_on_Ghazipur_landfill_2013.jpg,CC BY-SA 4.0,FacetsOfNonStickPans
mixed,train,mixed_train_067.jpg,https://commons.wikimedia.org/wiki/File:Workers_on_top_of_Ghazipur_landfill_2013.jpg,CC BY-SA 4.0,FacetsOfNonStickPans
mixed,train,mixed_train_068.jpg,https://commons.wikimedia.org/wiki/File:Garbage_1.jpg,CC BY-SA 4.0,Gaurav Dhwaj Khadka
mixed,train,mixed_train_069.jpg,https://commons.wikimedia.org/wiki/File:Garbage_in_the_street_of_Kathmandu.jpg,CC BY-SA 4.0,Gaurav Dhwaj Khadka
mixed,train,mixed_train_070.jpg,https://commons.wikimedia.org/wiki/File:Garbage_in_Kathmandu.jpg,CC BY-SA 4.0,Gaurav Dhwaj Khadka
mixed,train,mixed_train_071.jpg,https://commons.wikimedia.org/wiki/File:Garbage_of_Chinawal_village.jpg,CC BY-SA 3.0,ABHIJEET
mixed,train,mixed_train_072.jpg,https://commons.wikimedia.org/wiki/File:Decaying_dead_animal_Waghod_roadside_Chinawal_1.jpg,CC BY-SA 3.0,ABHIJEET
mixed,train,mixed_train_073.jpg,https://commons.wikimedia.org/wiki/File:Donkey_and_waste_in_Chinawal.jpg,CC BY-SA 3.0,ABHIJEET
mixed,train,mixed_train_074.jpg,https://commons.wikimedia.org/wiki/File:Greater_Adjutants_at_Guwahati_Rubbish_Dump_(42722525240).jpg,CC BY 2.0,"Mike Prince from Bangalore, India"
mixed,train,mixed_train_075.jpg,https://commons.wikimedia.org/wiki/File:Greater_Adjutants_at_Guwahati_Rubbish_Dump_(42722518620).jpg,CC BY 2.0,"Mike Prince from Bangalore, India"
mixed,train,mixed_train_076.jpg,https://commons.wikimedia.org/wiki/File:Rubbish_at_Rampura_Lake_(30668110355).jpg,CC BY 2.0,"Mike Prince from Bangalore, India"
mixed,train,mixed_train_077.jpg,https://commons.wikimedia.org/wiki/File:Plastic_garbage_near_lake_JEG_20221207_082723.jpg,CC BY 4.0,PJeganathan
mixed,train,mixed_train_078.jpg,https://commons.wikimedia.org/wiki/File:Plastic_garbage_near_lake_JEG_20221207_082715.jpg,CC BY 4.0,PJeganathan
mixed,train,mixed_train_079.jpg,https://commons.wikimedia.org/wiki/File:Namkeen_plastic_packets_garbage_in_Uttarakhand_5.jpg,CC BY 4.0,PJeganathan
mixed,train,mixed_train_080.jpg,https://commons.wikimedia.org/wiki/File:Vasind_(3751913748).jpg,CC BY 2.0,urbzoo
mixed,train,mixed_train_081.jpg,https://commons.wikimedia.org/wiki/File:Goa-_slum_and_more_(32186259534).jpg,CC BY 2.0,urbzoo
mixed,train,mixed_train_082.jpg,https://commons.wikimedia.org/wiki/File:Goa-_slum_and_more_(32875651302).jpg,CC BY 2.0,urbzoo
mixed,train,mixed_train_083.jpg,https://commons.wikimedia.org/wiki/File:Illegal_dumping_on_public_lands_in_the_Medford_District_(19185316671).jpg,Public domain,BLM Oregon & Washington
mixed,train,mixed_train_084.jpg,https://commons.wikimedia.org/wiki/File:Millican_Cliffs_illegal_dump_site_in_the_Prineville_area.jpg,CC BY 2.0,BLM Oregon & Washington
mixed,train,mixed_train_085.jpg,https://commons.wikimedia.org/wiki/File:Dump_site_and_abandoned_vehicle_North_Unit_Canal_in_the_Prineville_area.jpg,CC BY 2.0,BLM Oregon & Washington
mixed,train,mixed_train_086.jpg,https://commons.wikimedia.org/wiki/File:Litter_on_farmland.jpg,CC BY-SA 4.0,Jay.Jarosz
mixed,train,mixed_train_087.jpg,https://commons.wikimedia.org/wiki/File:Crossing_the_street_in_Mathura.jpg,CC BY-SA 4.0,Jay.Jarosz
mixed,train,mixed_train_088.jpg,https://commons.wikimedia.org/wiki/File:Dog_sleeping_on_newspaper_waste.jpg,CC BY-SA 4.0,Jay.Jarosz
mixed,train,mixed_train_089.jpg,https://commons.wikimedia.org/wiki/File:Cow_in_Delhi-2.jpg,CC BY 4.0,Immanuelle
mixed,train,mixed_train_090.jpg,https://commons.wikimedia.org/wiki/File:Cow_in_Delhi-3.jpg,CC BY 4.0,Immanuelle
mixed,train,mixed_train_091.jpg,https://commons.wikimedia.org/wiki/File:Cow_in_Delhi-1.jpg,CC BY 4.0,Immanuelle
mixed,train,mixed_train_092.jpg,https://commons.wikimedia.org/wiki/File:Somewhere_in_Bihar_2_(32958325923).jpg,CC BY-SA 2.0,juggadery
mixed,train,mixed_train_093.jpg,https://commons.wikimedia.org/wiki/File:Varanasi_506_-_waiting_for_Swachh_Bharat_Abhiyaan_(34169064322).jpg,CC BY-SA 2.0,juggadery
mixed,train,mixed_train_094.jpg,https://commons.wikimedia.org/wiki/File:Mumbai_(2108814734).jpg,CC BY-SA 2.0,juggadery
mixed,train,mixed_train_095.jpg,https://commons.wikimedia.org/wiki/File:Sithalapakkam_Garbage_Dump_1.jpg,CC BY-SA 3.0,A.K.Karthikeyan
mixed,train,mixed_train_096.jpg,https://commons.wikimedia.org/wiki/File:Sithalapakkam_Garbage_Dump_2.jpg,CC BY-SA 3.0,A.K.Karthikeyan
mixed,train,mixed_train_097.jpg,https://commons.wikimedia.org/wiki/File:Sithalapakkam_Garbage_Dump_3.jpg,CC BY-SA 3.0,A.K.Karthikeyan
mixed,train,mixed_train_098.jpg,https://commons.wikimedia.org/wiki/File:A_VIEW_OF_GARBAGE2.jpg,CC BY-SA 3.0,Parvathisri
mixed,train,mixed_train_099.jpg,https://commons.wikimedia.org/wiki/File:A_VIEW_OF_GARBAGE.jpg,CC BY-SA 3.0,Parvathisri
mixed,train,mixed_train_100.jpg,https://commons.wikimedia.org/wiki/File:A_VIEW_OF_GARBAGE_1.jpg,CC BY-SA 3.0,Parvathisri
mixed,holdout,mixed_holdout_001.jpg,https://commons.wikimedia.org/wiki/File:Wastedel.jpg,CC BY-SA 4.0,Rrthakur22
mixed,holdout,mixed_holdout_002.jpg,https://commons.wikimedia.org/wiki/File:Bikes_garbage.jpg,CC BY-SA 3.0,Holynow
mixed,holdout,mixed_holdout_003.jpg,https://commons.wikimedia.org/wiki/File:Garbage_issue_in_Vishwapriya_Nagar.jpg,CC BY-SA 4.0,Prabhakarcc
mixed,holdout,mixed_holdout_004.jpg,https://commons.wikimedia.org/wiki/File:Poor_part_of_Chennai.JPG,CC BY-SA 3.0,"Milei.vencel, Hungary"
mixed,holdout,mixed_holdout_005.jpg,"https://commons.wikimedia.org/wiki/File:Niger,_Karey_Gorou,_(7)_waste_disposal.jpg",CC BY-SA 4.0,Vincent van Zeijst
mixed,holdout,mixed_holdout_006.jpg,https://commons.wikimedia.org/wiki/File:Trash_Stream_Econy_Nilgiris_Nov24_A7CR_05204.jpg,CC BY-SA 4.0,Timothy A. Gonsalves
mixed,holdout,mixed_holdout_007.jpg,https://commons.wikimedia.org/wiki/File:Garbage_Chinawal-Waghoda_road.jpg,CC BY-SA 3.0,Rsika
mixed,holdout,mixed_holdout_008.jpg,https://commons.wikimedia.org/wiki/File:%22...%D0%9E%D1%81%D0%BE%D0%B1%D0%BE_%D0%BE%D1%85%D1%80%D0%B0%D0%BD%D1%8F%D0%B5%D0%BC%D0%B0%D1%8F_%D0%BF%D1%80%D0%B8%D1%80%D0%BE%D0%B4%D0%BD%D0%B0%D1%8F_%D1%82%D0%B5%D1%80%D1%80%D0%B8%D1%82%D0%BE%D1%80%D0%B8%D1%8F_%D1%80%D0%B5%D0%B3%D0%B8%D0%BE%D0%BD%D0%B0%D0%BB%D1%8C%D0%BD%D0%BE%D0%B3%D0%BE_%D0%B7%D0%BD%D0%B0%D1%87%D0%B5%D0%BD%D0%B8%D1%8F._%D0%9F%D0%B0%D0%BC%D1%8F%D1%82%D0%BD%D0%B8%D0%BA_%D0%BF%D1%80%D0%B8%D1%80%D0%BE%D0%B4%D1%8B...%22.jpg,CC BY-SA 4.0,Droferd
mixed,holdout,mixed_holdout_009.jpg,https://commons.wikimedia.org/wiki/File:Fatehpur-13-Garbage-20131008.jpg,CC BY-SA 3.0,Daniel VILLAFRUELA.
mixed,holdout,mixed_holdout_010.jpg,"https://commons.wikimedia.org/wiki/File:Mysore,_painted_cow_(9902663093).jpg",CC BY 2.0,"Arian Zwegers from Brussels, Belgium"
mixed,holdout,mixed_holdout_011.jpg,https://commons.wikimedia.org/wiki/File:Close_up_image_displaying_trash_scattered_by_the_road_side.jpg,Public domain,"Gentry George, U.S. Fish and Wildlife Service"
mixed,holdout,mixed_holdout_012.jpg,https://commons.wikimedia.org/wiki/File:Jodhpur_-_M%C3%BCll.jpg,CC BY-SA 4.0,Wolfgang Sauber
mixed,holdout,mixed_holdout_013.jpg,"https://commons.wikimedia.org/wiki/File:Garbage_heap_in_Batla_House,_New_Delhi,_18_June_2024.jpg",CC BY-SA 4.0,Aafi
mixed,holdout,mixed_holdout_014.jpg,https://commons.wikimedia.org/wiki/File:Overflowing_Bin_Talpiot_02.jpg,CC BY-SA 3.0,SuperJew
mixed,holdout,mixed_holdout_015.jpg,https://commons.wikimedia.org/wiki/File:Friends_Pack_available_where_-_panoramio.jpg,CC BY 3.0,Ganesh Dhamodkar
mixed,holdout,mixed_holdout_016.jpg,https://commons.wikimedia.org/wiki/File:La_piste_des_pelures.jpg,CC0,Merstel007
mixed,holdout,mixed_holdout_017.jpg,https://commons.wikimedia.org/wiki/File:Inde_Rajasthan_Pushkar_Rue_Vache_Cochons_-_panoramio.jpg,CC BY-SA 3.0,rene boulay
mixed,holdout,mixed_holdout_018.jpg,https://commons.wikimedia.org/wiki/File:Colvale-Ghoddiechi_bhaim.JPG,CC BY-SA 3.0,Marcosmsfs
mixed,holdout,mixed_holdout_019.jpg,https://commons.wikimedia.org/wiki/File:Dumping_in_Cameroon.jpg,CC BY 2.0,"James Emery from Douglasville, United States"
mixed,holdout,mixed_holdout_020.jpg,https://commons.wikimedia.org/wiki/File:Kathmandu-Bishnumati-04-Bruecke-Muell-2013-gje.jpg,CC BY-SA 4.0,Gerd Eichmann
not_garbage,train,not_garbage_train_001.jpg,https://commons.wikimedia.org/wiki/File:Trash_Burning_panorama_1.jpg,CC BY-SA 3.0,User:Ne0Freedom
not_garbage,train,not_garbage_train_002.jpg,https://commons.wikimedia.org/wiki/File:5.30_am_shot_HDR.jpg,CC BY-SA 4.0,Binu M John
not_garbage,train,not_garbage_train_003.jpg,https://commons.wikimedia.org/wiki/File:A_footpath_on_Walker%27s_Road_-_panoramio.jpg,CC BY 3.0,Ganesh Dhamodkar
not_garbage,train,not_garbage_train_004.jpg,"https://commons.wikimedia.org/wiki/File:Footpath,_Noida_sector_126.jpg",CC BY-SA 4.0,Rashid Jorvee
not_garbage,train,not_garbage_train_005.jpg,https://commons.wikimedia.org/wiki/File:-_panoramio_-_k.t.backer.jpg,CC BY 3.0,k.t.backer
not_garbage,train,not_garbage_train_007.jpg,https://commons.wikimedia.org/wiki/File:An_urban_road_and_traffic_in_Bangalore_Karnataka_India_April_2014.jpg,CC BY-SA 2.0,"Harsha K R from Bangalore, India"
not_garbage,train,not_garbage_train_008.jpg,https://commons.wikimedia.org/wiki/File:Streets_in_Bangalore_1_2017-08-30.jpg,CC BY-SA 4.0,FASTILY
not_garbage,train,not_garbage_train_009.jpg,https://commons.wikimedia.org/wiki/File:%27Pakistan%27-ibneazhar-400-yrs-old-rohtas-fort-near-dina-jehlum_(334).jpg,CC BY-SA 4.0,Ibnazhar
not_garbage,train,not_garbage_train_010.jpg,https://commons.wikimedia.org/wiki/File:CVRamanNagar-BLR.jpg,CC BY-SA 4.0,PageImp
not_garbage,train,not_garbage_train_011.jpg,https://commons.wikimedia.org/wiki/File:Bangalore_Covid_road.jpg,CC BY-SA 4.0,Shyamal
not_garbage,train,not_garbage_train_012.jpg,"https://commons.wikimedia.org/wiki/File:NICE_Road,_Bangalore_-_panoramio.jpg",CC BY 3.0,Glany Saldanha
not_garbage,train,not_garbage_train_013.jpg,https://commons.wikimedia.org/wiki/File:DVG_Raste.jpg,CC BY 2.5,User:Sarvagnya
not_garbage,train,not_garbage_train_014.jpg,https://commons.wikimedia.org/wiki/File:Bangalore_Shopping_Street.jpg,Public domain,Vincent Bloch
not_garbage,train,not_garbage_train_015.jpg,https://commons.wikimedia.org/wiki/File:Way_around_Kodaikanal_Lake.jpg,CC0,Saral Shots
not_garbage,train,not_garbage_train_016.jpg,"https://commons.wikimedia.org/wiki/File:Dharavi_slum_in_Mumbai,_India_August_2009_2.jpg",CC BY 2.0,Mark Hillary
not_garbage,train,not_garbage_train_017.jpg,https://commons.wikimedia.org/wiki/File:Khusru_Bagh_(Interior_View)-Allahabad-Uttar_Pradesh-IMG_20190915_082854.jpg,CC BY-SA 4.0,Harshgupta28
not_garbage,train,not_garbage_train_018.jpg,https://commons.wikimedia.org/wiki/File:Mill_Mound_-_geograph.org.uk_-_377521.jpg,CC BY-SA 2.0,Andy Gryce
not_garbage,train,not_garbage_train_019.jpg,https://commons.wikimedia.org/wiki/File:Messy_sidewalk_(6627577717).jpg,CC BY 2.0,"Ryan from Toronto, Canada"
not_garbage,train,not_garbage_train_020.jpg,https://commons.wikimedia.org/wiki/File:Decorative_Electric_Post-2-TS_Palya_Road-bengaluru-India.jpg,CC BY-SA 4.0,Yercaud-elango
not_garbage,train,not_garbage_train_021.jpg,https://commons.wikimedia.org/wiki/File:Bhubaneswar_street.JPG,CC BY-SA 3.0,Carla Antonini
not_garbage,train,not_garbage_train_022.jpg,"https://commons.wikimedia.org/wiki/File:Sindhi_Colony,_Pulikeshi_Nagar,_Bangalore,_Karnataka,_India_(2018).jpg",CC BY-SA 4.0,Tara Atluri
not_garbage,train,not_garbage_train_023.jpg,https://commons.wikimedia.org/wiki/File:Ghatkopar_railway_station_long_view.jpg,CC BY-SA 3.0,User:Karthikndr
not_garbage,train,not_garbage_train_024.jpg,https://commons.wikimedia.org/wiki/File:Chikkahosahalli.jpg,CC BY-SA 4.0,Suhaas M
not_garbage,train,not_garbage_train_025.jpg,https://commons.wikimedia.org/wiki/File:Farmland_and_Mound_at_Coddington_-_geograph.org.uk_-_414509.jpg,CC BY-SA 2.0,John S Turner
not_garbage,train,not_garbage_train_026.jpg,https://commons.wikimedia.org/wiki/File:Symmetrical_walkway_in_Lodhi_Garden.jpg,CC BY-SA 4.0,Shadabgdg
not_garbage,train,not_garbage_train_027.jpg,https://commons.wikimedia.org/wiki/File:Colsterworth_Landfill_Site_-_geograph.org.uk_-_5834469.jpg,CC BY-SA 2.0,Bob Harvey
not_garbage,train,not_garbage_train_028.jpg,https://commons.wikimedia.org/wiki/File:Defence_colony_street.jpg,CC BY-SA 4.0,Shaivikshetty
not_garbage,train,not_garbage_train_029.jpg,https://commons.wikimedia.org/wiki/File:Left_corner_view_of_Sundhareswarar_temple_Kadamboor.jpg,CC BY-SA 4.0,RealinRear
not_garbage,train,not_garbage_train_030.jpg,https://commons.wikimedia.org/wiki/File:Elevated_Highway_to_Electronics_City!!!_(4308884461).jpg,CC BY-SA 2.0,"Ashwin Kumar from Bangalore, India"
not_garbage,train,not_garbage_train_031.jpg,"https://commons.wikimedia.org/wiki/File:Aerial_view_of_the_Elevated_Express_Road,_Bangalore.jpg",CC BY-SA 2.0,"Vinu Thomas from Bangalore, India"
not_garbage,train,not_garbage_train_032.jpg,https://commons.wikimedia.org/wiki/File:Padmapukur_Water_Treatment_Plant_Road_-_Howrah_2023-12-12_00127.jpg,CC BY 4.0,Gangulybiswarup
not_garbage,train,not_garbage_train_033.jpg,https://commons.wikimedia.org/wiki/File:Diamond_district_view_1_-_old_airport_road.JPG,CC BY-SA 3.0,Rameshng
not_garbage,train,not_garbage_train_034.jpg,https://commons.wikimedia.org/wiki/File:Parvatiriver.jpg,CC BY-SA 4.0,Harshit38
not_garbage,train,not_garbage_train_035.jpg,https://commons.wikimedia.org/wiki/File:Jaipur_inner_city.jpg,CC BY-SA 2.5,Maria Krüger
not_garbage,train,not_garbage_train_036.jpg,https://commons.wikimedia.org/wiki/File:View_Towards_VIKHROLI_From_GHATKOPAR_Railway_Pedestrian_Bridge_-_panoramio.jpg,CC BY-SA 3.0,Pralhad Bandivadekar
not_garbage,train,not_garbage_train_037.jpg,https://commons.wikimedia.org/wiki/File:Churchgate2.JPG,CC BY-SA 3.0,Viraj
not_garbage,train,not_garbage_train_039.jpg,"https://commons.wikimedia.org/wiki/File:Outside_Majestic_Metro_Station,_Bangalore.jpg",CC0,Acagastya
not_garbage,train,not_garbage_train_040.jpg,https://commons.wikimedia.org/wiki/File:Just_before_the_sunrise_at_sidewalk_of_Akota_bridge.jpg,CC BY-SA 4.0,Sneha G Gupta
not_garbage,train,not_garbage_train_043.jpg,"https://commons.wikimedia.org/wiki/File:Sandal_Soap_Factory_metro_station,_Jul_2017.jpg",CC BY-SA 4.0,Sunnya343
not_garbage,train,not_garbage_train_044.jpg,https://commons.wikimedia.org/wiki/File:Mound_Near_Rosnaree_-_geograph.org.uk_-_491622.jpg,CC BY-SA 2.0,JP
not_garbage,train,not_garbage_train_045.jpg,https://commons.wikimedia.org/wiki/File:Pedestrian_path_at_Public_Gardens_Hyderabad.jpg,CC BY-SA 4.0,Asimali2003
not_garbage,train,not_garbage_train_046.jpg,"https://commons.wikimedia.org/wiki/File:Sashazykov,_House_on_Bhagsu_road,_McLeod_Ganj,_India.jpg",CC BY-SA 4.0,sashazykov
not_garbage,train,not_garbage_train_048.jpg,https://commons.wikimedia.org/wiki/File:Bengaluru_Business_park_road.jpg,CC BY-SA 4.0,IM3847
not_garbage,train,not_garbage_train_049.jpg,https://commons.wikimedia.org/wiki/File:Gorakh_Chinch_(Marathi-_%E0%A4%97%E0%A5%8B%E0%A4%B0%E0%A4%96_%E0%A4%9A%E0%A4%BF%E0%A4%82%E0%A4%9A)_(474227387).jpg,CC BY-SA 2.0,"Dinesh Valke from Thane, India"
not_garbage,train,not_garbage_train_052.jpg,https://commons.wikimedia.org/wiki/File:Njn1075.jpg,CC BY-SA 3.0,Naidugari Jayanna
not_garbage,train,not_garbage_train_055.jpg,https://commons.wikimedia.org/wiki/File:Ananth_Nagar_Main_Road.jpg,CC BY-SA 4.0,Tellreality
not_garbage,train,not_garbage_train_056.jpg,https://commons.wikimedia.org/wiki/File:Mound_near_Wyck_Rissington_-_geograph.org.uk_-_594728.jpg,CC BY-SA 2.0,Andy Stephenson
not_garbage,train,not_garbage_train_058.jpg,https://commons.wikimedia.org/wiki/File:Kolkata_Maidan_called_%27the_lungs_of_Kolkata%27_2.jpg,CC BY-SA 4.0,Satabdi datta11
not_garbage,train,not_garbage_train_059.jpg,https://commons.wikimedia.org/wiki/File:2017_remodeled_expanded_pedestrian_street_Golden_temple_Amritsar.jpg,CC BY-SA 4.0,Ms Sarah Welch
not_garbage,train,not_garbage_train_060.jpg,https://commons.wikimedia.org/wiki/File:Bhitiwala_pond_near_Satth.jpg,CC BY-SA 3.0,Shemaroo (talk) (Uploads)
not_garbage,train,not_garbage_train_061.jpg,https://commons.wikimedia.org/wiki/File:Bengaluru_highway.jpg,CC0,THE GOKUL
not_garbage,train,not_garbage_train_063.jpg,https://commons.wikimedia.org/wiki/File:Clgbus.jpg,CC BY-SA 4.0,Blackyyy16
not_garbage,train,not_garbage_train_064.jpg,https://commons.wikimedia.org/wiki/File:Gandhi_Bazaar_Circle.jpg,CC BY-SA 4.0,LittleT889
not_garbage,train,not_garbage_train_066.jpg,https://commons.wikimedia.org/wiki/File:Kanyakumari_-_Nagercoil_Road.jpg,CC BY-SA 4.0,Sai K shanmugam
not_garbage,train,not_garbage_train_067.jpg,https://commons.wikimedia.org/wiki/File:Shadows_of_Copper_Pod_trees_01.jpg,CC BY-SA 4.0,Rb.sg
not_garbage,train,not_garbage_train_068.jpg,https://commons.wikimedia.org/wiki/File:RM_Nagar_Main_road.jpg,CC BY-SA 4.0,Suresh.vinay
not_garbage,train,not_garbage_train_069.jpg,"https://commons.wikimedia.org/wiki/File:Lansdowne_Tarkeshwar_Mahadev,_Parking_(20085181462).jpg",CC BY 2.0,"Ashish Gupta from Noida, India"
not_garbage,train,not_garbage_train_071.jpg,https://commons.wikimedia.org/wiki/File:Zoo_248.jpg,Public domain,No machine-readable author provided. Chutad claus~commonswiki assumed (based on
not_garbage,train,not_garbage_train_072.jpg,"https://commons.wikimedia.org/wiki/File:5th_Cross,_1st_Main,_Binnamangala_Manavarthe_Kaval,_Off_Suranjan_Das_Road.jpg",CC BY-SA 4.0,Vijethnbharadwaj
not_garbage,train,not_garbage_train_073.jpg,https://commons.wikimedia.org/wiki/File:Pathway_in_natural_area.jpg,CC BY-SA 4.0,Poojasasikumar
not_garbage,train,not_garbage_train_074.jpg,https://commons.wikimedia.org/wiki/File:Cows_taking_a_rest_(24932074348).jpg,CC BY 2.0,oatsy40
not_garbage,train,not_garbage_train_075.jpg,https://commons.wikimedia.org/wiki/File:Margosa_road-2.jpg,CC BY-SA 4.0,ChandanaSM1999
not_garbage,train,not_garbage_train_076.jpg,https://commons.wikimedia.org/wiki/File:Margosa_road.jpg,CC BY-SA 4.0,ChandanaSM1999
not_garbage,train,not_garbage_train_077.jpg,"https://commons.wikimedia.org/wiki/File:Shirley_Chisholm_State_Park_td_(2019-07-14)_337_-_Red_Tail_Trail,_Fountain_Avenue_Landfill.jpg",CC BY-SA 4.0,Tdorante10
not_garbage,train,not_garbage_train_078.jpg,"https://commons.wikimedia.org/wiki/File:Shirley_Chisholm_State_Park_td_(2019-07-14)_325_-_Red_Tail_Trail,_Fountain_Avenue_Landfill.jpg",CC BY-SA 4.0,Tdorante10
not_garbage,train,not_garbage_train_079.jpg,https://commons.wikimedia.org/wiki/File:Jio_internet_connection_box_on_road.jpg,CC BY-SA 3.0,Mallikarjunasj
not_garbage,train,not_garbage_train_080.jpg,https://commons.wikimedia.org/wiki/File:Potholes_in_Bengaluru_road.jpg,CC0,Mallikarjunasj
not_garbage,train,not_garbage_train_081.jpg,https://commons.wikimedia.org/wiki/File:Water_puddles_formed_by_raindrops.jpg,CC0,Julyro
not_garbage,train,not_garbage_train_082.jpg,https://commons.wikimedia.org/wiki/File:Water_puddles_in_road_by_raindrops.jpg,CC0,Julyro
not_garbage,train,not_garbage_train_083.jpg,https://commons.wikimedia.org/wiki/File:Bangalore_Cubbon_Road_1-14-2009_4-01-27_PM.JPG,CC BY-SA 3.0,Amol.Gaitonde
not_garbage,train,not_garbage_train_084.jpg,https://commons.wikimedia.org/wiki/File:AECS_Layout_5-29-2012_6-13-49_AM.JPG,CC BY-SA 3.0,Amol.Gaitonde
not_garbage,train,not_garbage_train_085.jpg,https://commons.wikimedia.org/wiki/File:Damaged_footpath_in_India.jpg,CC BY 4.0,Vendor on Robolow Universe
not_garbage,train,not_garbage_train_086.jpg,https://commons.wikimedia.org/wiki/File:Cart_on_footpath_in_India.jpg,CC BY 4.0,Vendor on Robolow Universe
not_garbage,train,not_garbage_train_087.jpg,https://commons.wikimedia.org/wiki/File:Bangalore_highway_in_sunlight.jpg,CC BY-SA 4.0,Kartik jayate
not_garbage,train,not_garbage_train_088.jpg,https://commons.wikimedia.org/wiki/File:Bangalore_highway.jpg,CC BY-SA 4.0,Kartik jayate
not_garbage,train,not_garbage_train_089.jpg,https://commons.wikimedia.org/wiki/File:Cleaning_illegal_camp_on_public_land_-_50189039471.jpg,CC BY 2.0,BLM Oregon & Washington
not_garbage,train,not_garbage_train_090.jpg,https://commons.wikimedia.org/wiki/File:Cleaning_illegal_camp_on_public_land_-_50189292972.jpg,CC BY 2.0,BLM Oregon & Washington
not_garbage,train,not_garbage_train_091.jpg,https://commons.wikimedia.org/wiki/File:ZPH_School_in_Akkannapet.jpg,CC BY-SA 4.0,Pranayraj1985
not_garbage,train,not_garbage_train_092.jpg,https://commons.wikimedia.org/wiki/File:Main_Road_in_Muthireddy_Gudem.jpg,CC BY-SA 4.0,Pranayraj1985
not_garbage,train,not_garbage_train_093.jpg,https://commons.wikimedia.org/wiki/File:NH_73_from_Bangalore.JPG,CC BY-SA 3.0,Animeshcmc
not_garbage,train,not_garbage_train_094.jpg,https://commons.wikimedia.org/wiki/File:Nh_72_from_bangalore.jpg,CC BY-SA 3.0,Animeshcmc
not_garbage,train,not_garbage_train_095.jpg,https://commons.wikimedia.org/wiki/File:Focusing_on_the_brighter_things.jpg,CC BY-SA 4.0,Swasti 19
not_garbage,train,not_garbage_train_096.jpg,https://commons.wikimedia.org/wiki/File:A_walk_to_remember_-_13_May_2025.jpg,CC BY-SA 4.0,Swasti 19
not_garbage,train,not_garbage_train_097.jpg,https://commons.wikimedia.org/wiki/File:Roads_deformed_T_munnekollala_Bengaluru_2.jpg,CC BY-SA 4.0,Gangaasoonu
not_garbage,train,not_garbage_train_098.jpg,https://commons.wikimedia.org/wiki/File:Roads_deformed_T_munnekollala_Bengaluru.jpg,CC BY-SA 4.0,Gangaasoonu
not_garbage,train,not_garbage_train_099.jpg,https://commons.wikimedia.org/wiki/File:Village_Road_-_Sasapasi_-_Kankadahad_-_Dhenkanal_2018-01-25_9755.JPG,CC BY 3.0,Biswarup Ganguly
not_garbage,train,not_garbage_train_100.jpg,https://commons.wikimedia.org/wiki/File:Building_-_Budhibili_-_Dhenkanal_2018-01-25_9674.JPG,CC BY-SA 4.0,Biswarup Ganguly
not_garbage,holdout,not_garbage_holdout_001.jpg,"https://commons.wikimedia.org/wiki/File:Mavalli_Tiffin_Room,_Lalbagh_Road,_Bangalore_(2017).jpg",CC BY-SA 3.0,Vengolis
not_garbage,holdout,not_garbage_holdout_002.jpg,https://commons.wikimedia.org/wiki/File:Closed_landfill_site_-_geograph.org.uk_-_8321105.jpg,CC BY-SA 2.0,Kevin Waterhouse
not_garbage,holdout,not_garbage_holdout_003.jpg,"https://commons.wikimedia.org/wiki/File:Dustbin_placed_in_Botanical_garden,_Godavari,_Lalitpur,_Nepal.jpg",CC BY-SA 4.0,Nirajan pant
not_garbage,holdout,not_garbage_holdout_004.jpg,https://commons.wikimedia.org/wiki/File:A_morning_in_Delhi_2019.jpg,CC BY-SA 4.0,Kushared
not_garbage,holdout,not_garbage_holdout_006.jpg,https://commons.wikimedia.org/wiki/File:Rural_Road_near_Vikarabad.jpg,CC BY 2.0,Viswaprasad Raju
not_garbage,holdout,not_garbage_holdout_009.jpg,https://commons.wikimedia.org/wiki/File:Rajakkamangalam_Thurai_Nagercoil.jpg,CC BY-SA 4.0,Mohan Babu V
not_garbage,holdout,not_garbage_holdout_010.jpg,"https://commons.wikimedia.org/wiki/File:Sobha_Jasmine,_Bengaluru.jpg",CC BY-SA 4.0,Aryan Dixit
not_garbage,holdout,not_garbage_holdout_011.jpg,https://commons.wikimedia.org/wiki/File:Suelo_infertil.jpg,CC BY-SA 4.0,Itala Moreno Marcani
not_garbage,holdout,not_garbage_holdout_012.jpg,"https://commons.wikimedia.org/wiki/File:Odei,_Odisha,_India_-_panoramio_-_Deepak_das_(3).jpg",CC BY 3.0,Deepak das
not_garbage,holdout,not_garbage_holdout_013.jpg,https://commons.wikimedia.org/wiki/File:Way_to_kedarnathm.jpg,CC BY-SA 4.0,SHUBHANSHU AGRE
not_garbage,holdout,not_garbage_holdout_015.jpg,https://commons.wikimedia.org/wiki/File:Skylab_Avenue.jpg,CC BY-SA 4.0,A.K.Karthikeyan
not_garbage,holdout,not_garbage_holdout_017.jpg,"https://commons.wikimedia.org/wiki/File:Street_Near_Deepanjali_Nagar,_Bengaluru,_Karnataka_IMG_20180611_121433.jpg",CC BY-SA 4.0,Ranjithsiji
not_garbage,holdout,not_garbage_holdout_018.jpg,https://commons.wikimedia.org/wiki/File:Way_to_the_hill_top.jpg,CC BY-SA 3.0,Naidu.gopal
not_garbage,holdout,not_garbage_holdout_019.jpg,https://commons.wikimedia.org/wiki/File:Akbarpur_kanpur_dehat_temple_and_places_4.jpg,CC BY-SA 4.0,Satendra37
organic,train,organic_train_001.jpg,https://commons.wikimedia.org/wiki/File:Composting_at_Home.jpg,CC BY-SA 4.0,Vinodtiwari2608
organic,train,organic_train_002.jpg,https://commons.wikimedia.org/wiki/File:GI_Market_food_waste.jpg,CC BY 2.0,Taz
organic,train,organic_train_003.jpg,https://commons.wikimedia.org/wiki/File:Compost_.jpg,CC BY-SA 4.0,Goyojona
organic,train,organic_train_004.jpg,https://commons.wikimedia.org/wiki/File:Compost_pile_of_yard_waste.jpg,CC BY 4.0,Joe Hoover
organic,train,organic_train_005.jpg,https://commons.wikimedia.org/wiki/File:From_the_French_Revolution_to_the_Paris_Marathon_(5854862144).jpg,CC BY 2.0,Chris Waits
organic,train,organic_train_006.jpg,https://commons.wikimedia.org/wiki/File:Compost_Heap.jpg,CC BY-SA 4.0,"Photograph © Andrew Dunn, http://www.andrewdunnphoto.com"
organic,train,organic_train_007.jpg,https://commons.wikimedia.org/wiki/File:%22a_Compost_pit%22.jpg,CC BY-SA 3.0,Thamizhpparithi Maari
organic,train,organic_train_008.jpg,https://commons.wikimedia.org/wiki/File:Composting_in_One_Garden_Brighton.jpg,CC0,Andy Li
organic,train,organic_train_009.jpg,"https://commons.wikimedia.org/wiki/File:In_Landfills,_Food_Waste_Contribute_To_Climate_Change_(3679111263).jpg",Public domain,USEPA Environmental-Protection-Agency
organic,train,organic_train_010.jpg,https://commons.wikimedia.org/wiki/File:Banana_peel.jpg,CC BY-SA 4.0,Tiia Monto
organic,train,organic_train_011.jpg,https://commons.wikimedia.org/wiki/File:Veg_waste_Hyd_Market.jpg,CC BY-SA 2.0,fraboof
organic,train,organic_train_012.jpg,https://commons.wikimedia.org/wiki/File:Composting_111.jpg,CC BY-SA 4.0,BogTar201213
organic,train,organic_train_013.jpg,"https://commons.wikimedia.org/wiki/File:Kitchen_food_waste,_vegetable_peelings_%26_coffee_grounds_in_biodegradable_bag.jpg",CC BY-SA 4.0,Tek monde
organic,train,organic_train_014.jpg,https://commons.wikimedia.org/wiki/File:Compost_pile.JPG,CC0,Ksd5
organic,train,organic_train_015.jpg,"https://commons.wikimedia.org/wiki/File:East_Parley,_garden_waste_-_geograph.org.uk_-_1151570.jpg",CC BY-SA 2.0,Mike Faherty
organic,train,organic_train_016.jpg,https://commons.wikimedia.org/wiki/File:2010-365-76_I%27m_Not_Compost_Yet_(4441756301).jpg,CC BY 2.0,cogdogblog
organic,train,organic_train_017.jpg,https://commons.wikimedia.org/wiki/File:Closed_Compost_%5E%5E%5E_-_geograph.org.uk_-_1704826.jpg,CC BY-SA 2.0,David Anstiss
organic,train,organic_train_018.jpg,https://commons.wikimedia.org/wiki/File:Unharvested_apples_fallen_and_rotting_where_they_lie_-_fallen_fruit_-_food_waste_-_Golden_Dorset.jpg,CC BY-SA 4.0,Jengod
organic,train,organic_train_019.jpg,https://commons.wikimedia.org/wiki/File:Compost_heap_at_a_farmstead_i.jpg,CC BY-SA 4.0,Alandislands
organic,train,organic_train_020.jpg,https://commons.wikimedia.org/wiki/File:Coconut_husk_covering(%E0%B4%AA%E0%B5%8B%E0%B4%B3).jpg,CC BY-SA 3.0,Fotokannan
organic,train,organic_train_021.jpg,"https://commons.wikimedia.org/wiki/File:Jaipur,_varios_(2002)_03.jpg",CC BY-SA 4.0,LBM1948
organic,train,organic_train_022.jpg,https://commons.wikimedia.org/wiki/File:Coconut_husks_in_Kerala.jpg,CC BY-SA 4.0,Vis M
organic,train,organic_train_023.jpg,https://commons.wikimedia.org/wiki/File:Un_tas_de_peau_de_coco_a_Grand_Popo_au_B%C3%A9nin.jpg,CC BY-SA 4.0,Adoscam
organic,train,organic_train_024.jpg,https://commons.wikimedia.org/wiki/File:D%C3%A9p%C3%B4t_sauvage_d%C3%A9chets_verts.jpg,CC BY-SA 4.0,Moinats
organic,train,organic_train_025.jpg,https://commons.wikimedia.org/wiki/File:Not_avoidable_food_waste.jpg,CC BY-SA 3.0,Con-struct
organic,train,organic_train_026.jpg,https://commons.wikimedia.org/wiki/File:Compost4_CC_BY-NC-SA_4.0_Les_Defricheuses.jpg,CC BY-SA 4.0,LesDefricheuses
organic,train,organic_train_027.jpg,https://commons.wikimedia.org/wiki/File:Compost_Heap_Autumn.jpg,CC BY-SA 3.0,E A S
organic,train,organic_train_028.jpg,https://commons.wikimedia.org/wiki/File:Bananenmuell_(sk).jpg,CC BY-SA 4.0,"Photograph: SusKauz, Bearbeiter: Frank C. Müller, Baden-Baden"
organic,train,organic_train_029.jpg,https://commons.wikimedia.org/wiki/File:2021-07-23_biowaste_01.jpg,CC BY-SA 4.0,Achim Raschka
organic,train,organic_train_030.jpg,https://commons.wikimedia.org/wiki/File:2021-07-23_biowaste_02.jpg,CC BY-SA 4.0,Achim Raschka
organic,train,organic_train_031.jpg,https://commons.wikimedia.org/wiki/File:Mango_peel_2.jpg,CC BY-SA 4.0,Suchitra kumari
organic,train,organic_train_032.jpg,https://commons.wikimedia.org/wiki/File:Mango_peel_1.jpg,CC BY-SA 4.0,Suchitra kumari
organic,train,organic_train_033.jpg,https://commons.wikimedia.org/wiki/File:Garden_waste_dumping.jpg,CC BY-SA 4.0,Albarubescens
organic,train,organic_train_034.jpg,https://commons.wikimedia.org/wiki/File:Steam_from_compost_heaps.jpg,CC BY-SA 4.0,Albarubescens
organic,train,organic_train_035.jpg,https://commons.wikimedia.org/wiki/File:Ene_kpa_-_peau_de_coco.jpg,CC BY-SA 4.0,Komavo
organic,train,organic_train_036.jpg,https://commons.wikimedia.org/wiki/File:La_peau_de_noix_de_coco.jpg,CC BY-SA 4.0,Komavo
organic,train,organic_train_037.jpg,https://commons.wikimedia.org/wiki/File:Food_waste_with_moldy_bread.jpg,CC BY 2.0,Nick Saltmarsh
organic,train,organic_train_038.jpg,https://commons.wikimedia.org/wiki/File:Food_waste_in_a_blue_waste_container.jpg,CC BY 2.0,Nick Saltmarsh
organic,train,organic_train_039.jpg,"https://commons.wikimedia.org/wiki/File:Composting_at_ward_level,_Devanahalli,_Bengaluru,_India.jpg",CC BY-SA 4.0,CDD India
organic,train,organic_train_040.jpg,"https://commons.wikimedia.org/wiki/File:Composting_Process,_Faecal_Sludge_Treatment_Plant,_Devanahalli,_Bengaluru.jpg",CC BY-SA 4.0,CDD India
organic,train,organic_train_041.jpg,https://commons.wikimedia.org/wiki/File:Compost_bin_with_compost.jpg,CC BY-SA 4.0,Niwrat
organic,train,organic_train_042.jpg,https://commons.wikimedia.org/wiki/File:Close_up_view_of_compost.jpg,CC BY-SA 4.0,Niwrat
organic,train,organic_train_043.jpg,https://commons.wikimedia.org/wiki/File:Treasure_trove_of_wasted_food.JPG,CC0,Foerster
organic,train,organic_train_044.jpg,https://commons.wikimedia.org/wiki/File:Recovering_wasted_food.JPG,CC0,Foerster
organic,train,organic_train_045.jpg,https://commons.wikimedia.org/wiki/File:Bio_seau.jpg,CC0,Benitronne
organic,train,organic_train_046.jpg,https://commons.wikimedia.org/wiki/File:Bio_seau_2.jpg,CC0,Benitronne
organic,train,organic_train_047.jpg,https://commons.wikimedia.org/wiki/File:BucceIMG_0427.jpg,CC BY-SA 4.0,Assianir
organic,train,organic_train_048.jpg,https://commons.wikimedia.org/wiki/File:BucceIMG_0428.jpg,CC BY-SA 4.0,Assianir
organic,train,organic_train_049.jpg,https://commons.wikimedia.org/wiki/File:Harvest_cabbage_in_Poland_2.JPG,CC BY-SA 4.0,MOs810
organic,train,organic_train_050.jpg,https://commons.wikimedia.org/wiki/File:Abandoned_Cauliflower_in_Poznan.jpg,CC BY-SA 4.0,MOs810
organic,train,organic_train_051.jpg,"https://commons.wikimedia.org/wiki/File:A_pile_of_organic_compost_heap_for_preserving_yams_at_bakin_dogo_market,_Kaduna_North_02.jpg",CC BY-SA 4.0,Samsule2
organic,train,organic_train_052.jpg,"https://commons.wikimedia.org/wiki/File:A_pile_of_organic_compost_heap_for_preserving_yams_at_bakin_dogo_market,_Kaduna_North_01.jpg",CC BY-SA 4.0,Samsule2
organic,train,organic_train_053.jpg,https://commons.wikimedia.org/wiki/File:Compost_heap_(2920835561).jpg,CC BY 2.0,SuSanA Secretariat
organic,train,organic_train_054.jpg,https://commons.wikimedia.org/wiki/File:Compost_(5268651566).jpg,CC BY 2.0,SuSanA Secretariat
organic,train,organic_train_055.jpg,https://commons.wikimedia.org/wiki/File:Manifestation_agriculteurs_16_octobre_2009_Orl%C3%A9ans_38.jpg,CC BY-SA 4.0,Croquant
organic,train,organic_train_056.jpg,https://commons.wikimedia.org/wiki/File:Manifestation_agriculteurs_16_octobre_2009_Orl%C3%A9ans_62.jpg,CC BY-SA 4.0,Croquant
organic,train,organic_train_057.jpg,https://commons.wikimedia.org/wiki/File:Manifestation_agriculteurs_16_octobre_2009_Orl%C3%A9ans_49.jpg,CC BY-SA 4.0,Croquant
organic,train,organic_train_058.jpg,"https://commons.wikimedia.org/wiki/File:Copped_Hall_kitchen_walled_garden,_compost_bin,_Essex,_England_2.jpg",CC BY-SA 4.0,Acabashi
organic,train,organic_train_059.jpg,"https://commons.wikimedia.org/wiki/File:Copped_Hall_kitchen_walled_garden,_compost_bin,_Essex,_England_1.jpg",CC BY-SA 4.0,Acabashi
organic,train,organic_train_060.jpg,https://commons.wikimedia.org/wiki/File:Rubbish_dump_on_Broadwater_Farm_Green_Walkway_Haringey_London_L.jpg,CC BY-SA 4.0,Acabashi
organic,train,organic_train_061.jpg,https://commons.wikimedia.org/wiki/File:Rubbish_dump_on_Broadwater_Farm_Green_Walkway_Haringey_London_N.jpg,CC BY-SA 4.0,Acabashi
organic,train,organic_train_062.jpg,"https://commons.wikimedia.org/wiki/File:Copped_Hall_walled_Kitchen_Garden_compost_bin,_Epping,_Essex,_England.jpg",CC BY-SA 4.0,Acabashi
organic,train,organic_train_063.jpg,https://commons.wikimedia.org/wiki/File:1249Photos_taken_during_the_2020_coronavirus_pandemic_in_Baliuag_40.jpg,CC0,Judgefloro
organic,train,organic_train_064.jpg,https://commons.wikimedia.org/wiki/File:1249Photos_taken_during_the_2020_coronavirus_pandemic_in_Baliuag_28.jpg,CC0,Judgefloro
organic,train,organic_train_065.jpg,https://commons.wikimedia.org/wiki/File:1249Photos_taken_during_the_2020_coronavirus_pandemic_in_Baliuag_39.jpg,CC0,Judgefloro
organic,train,organic_train_066.jpg,https://commons.wikimedia.org/wiki/File:1249Photos_taken_during_the_2020_coronavirus_pandemic_in_Baliuag_24.jpg,CC0,Judgefloro
organic,train,organic_train_067.jpg,https://commons.wikimedia.org/wiki/File:1249Photos_taken_during_the_2020_coronavirus_pandemic_in_Baliuag_37.jpg,CC0,Judgefloro
organic,train,organic_train_068.jpg,https://commons.wikimedia.org/wiki/File:1249Photos_taken_during_the_2020_coronavirus_pandemic_in_Baliuag_31.jpg,CC0,Judgefloro
organic,train,organic_train_069.jpg,https://commons.wikimedia.org/wiki/File:1249Photos_taken_during_the_2020_coronavirus_pandemic_in_Baliuag_33.jpg,CC0,Judgefloro
organic,train,organic_train_070.jpg,https://commons.wikimedia.org/wiki/File:1249Photos_taken_during_the_2020_coronavirus_pandemic_in_Baliuag_26.jpg,CC0,Judgefloro
organic,train,organic_train_071.jpg,https://commons.wikimedia.org/wiki/File:Apports_mains_compost.jpg,CC BY-SA 4.0,Bernard Dejean
organic,train,organic_train_072.jpg,https://commons.wikimedia.org/wiki/File:Bac_%C3%A0_compost.jpg,CC BY-SA 4.0,Bernard Dejean
organic,train,organic_train_073.jpg,https://commons.wikimedia.org/wiki/File:Brass_compost_3.jpg,CC BY-SA 4.0,Bernard Dejean
organic,train,organic_train_074.jpg,https://commons.wikimedia.org/wiki/File:Brass_compost.jpg,CC BY-SA 4.0,Bernard Dejean
organic,train,organic_train_075.jpg,https://commons.wikimedia.org/wiki/File:Compost_final.jpg,CC BY-SA 4.0,Bernard Dejean
organic,train,organic_train_076.jpg,https://commons.wikimedia.org/wiki/File:Compost_en_coupe.jpg,CC BY-SA 4.0,Bernard Dejean
organic,train,organic_train_077.jpg,https://commons.wikimedia.org/wiki/File:Brassage_de_compost_2.jpg,CC BY-SA 4.0,Bernard Dejean
organic,train,organic_train_078.jpg,https://commons.wikimedia.org/wiki/File:Brass_compost_2.jpg,CC BY-SA 4.0,Bernard Dejean
organic,train,organic_train_079.jpg,https://commons.wikimedia.org/wiki/File:Compost_final_3.jpg,CC BY-SA 4.0,Bernard Dejean
organic,train,organic_train_080.jpg,https://commons.wikimedia.org/wiki/File:Coquillages_et_compost_3.jpg,CC BY-SA 4.0,Bernard Dejean
organic,holdout,organic_holdout_001.jpg,https://commons.wikimedia.org/wiki/File:Biodegradable_waste.jpg,CC BY-SA 3.0,Photo taken by Muu-karhu
organic,holdout,organic_holdout_002.jpg,https://commons.wikimedia.org/wiki/File:Garden_waste_-_geograph.org.uk_-_1202966.jpg,CC BY-SA 2.0,P Flannagan
organic,holdout,organic_holdout_003.jpg,https://commons.wikimedia.org/wiki/File:Compost-heap.jpg,CC BY-SA 3.0,Sten Porse
organic,holdout,organic_holdout_004.jpg,https://commons.wikimedia.org/wiki/File:Compostable.jpg,CC0,CloutierVe
organic,holdout,organic_holdout_005.jpg,https://commons.wikimedia.org/wiki/File:Aqualand_Aquaculture_Farm_-_Curtin_Immigration_Detention_Centre_(5475165009).jpg,CC BY 2.0,DIAC images
organic,holdout,organic_holdout_006.jpg,https://commons.wikimedia.org/wiki/File:123input.jpg,CC BY 3.0,Red58bill
organic,holdout,organic_holdout_007.jpg,https://commons.wikimedia.org/wiki/File:Orange_waste_after_being_squeezed_for_juice.jpg,CC0,Fumikas Sagisavas
organic,holdout,organic_holdout_008.jpg,https://commons.wikimedia.org/wiki/File:Dumped_garden_waste_-_geograph.org.uk_-_6576272.jpg,CC BY-SA 2.0,Richard Webb
organic,holdout,organic_holdout_009.jpg,https://commons.wikimedia.org/wiki/File:D-Town_Farm_Sept_2011_03.jpg,CC BY-SA 4.0,Michael Barera
organic,holdout,organic_holdout_010.jpg,https://commons.wikimedia.org/wiki/File:Apple_waste_-_geograph.org.uk_-_2121402.jpg,CC BY-SA 2.0,Pauline E
organic,holdout,organic_holdout_011.jpg,https://commons.wikimedia.org/wiki/File:Garden_waste_and_composting_site_-_geograph.org.uk_-_1214318.jpg,CC BY-SA 2.0,David Smith
organic,holdout,organic_holdout_012.jpg,"https://commons.wikimedia.org/wiki/File:Compost_heap,_Kew_Gardens_-_geograph.org.uk_-_215033.jpg",CC BY-SA 2.0,David Hawgood
organic,holdout,organic_holdout_013.jpg,https://commons.wikimedia.org/wiki/File:M%C3%BCll_im_Eimer.JPG,CC BY-SA 4.0,SammyAusDorfen
organic,holdout,organic_holdout_014.jpg,https://commons.wikimedia.org/wiki/File:Wasted_Apples.jpg,CC BY-SA 4.0,Tawheed Ahmad Bhat
organic,holdout,organic_holdout_015.jpg,"https://commons.wikimedia.org/wiki/File:West_Southbourne,_graffiti_and_garden_waste_on_footpath_H07_-_geograph.org.uk_-_5248235.jpg",CC BY-SA 2.0,Chris Downer
organic,holdout,organic_holdout_016.jpg,https://commons.wikimedia.org/wiki/File:Compost_transfer.jpg,CC BY-SA 4.0,Agreb44
plastic,train,plastic_train_001.jpg,https://commons.wikimedia.org/wiki/File:Tame_Valley_canal_-_2019-04-28_-_Andy_Mabbett_-_29.jpg,CC BY-SA 4.0,Andy Mabbett
plastic,train,plastic_train_002.jpg,https://commons.wikimedia.org/wiki/File:Cimeti%C3%A8re_juif_de_Remiremont_-_2022-05-31_-_29.jpg,CC BY-SA 4.0,Mathieu Kappler
plastic,train,plastic_train_003.jpg,https://commons.wikimedia.org/wiki/File:004_Beach_pollution_in_Tenerife_-_Atlantic_Ocean_beach_plastic_garbage_debris.jpg,CC BY 3.0,Marek Ślusarczyk (Tupungato) Photo portfolio
plastic,train,plastic_train_004.jpg,https://commons.wikimedia.org/wiki/File:Plastique_sur_les_caniveau.jpg,CC0,Yannick Ikombe
plastic,train,plastic_train_005.jpg,https://commons.wikimedia.org/wiki/File:NSG_1633023_Kalkmagerrasen_und_Diemelaltwasser_bei_Lamerden_2020-09-30_b.JPG,CC BY-SA 3.0 de,Baummapper
plastic,train,plastic_train_006.jpg,https://commons.wikimedia.org/wiki/File:Plastic_waste_pollution_in_Nigeria.jpg,CC0,Aishatu98
plastic,train,plastic_train_007.jpg,https://commons.wikimedia.org/wiki/File:Green_Card_10.jpg,CC BY-SA 4.0,Durand ndri
plastic,train,plastic_train_008.jpg,https://commons.wikimedia.org/wiki/File:Open_dumping_of_municipal_solid_waste_beside_a_forest.jpg,CC BY-SA 4.0,Earthinators
plastic,train,plastic_train_009.jpg,https://commons.wikimedia.org/wiki/File:Temporary_public_toilets_2_(2731611990).jpg,CC BY 2.0,SuSanA Secretariat
plastic,train,plastic_train_010.jpg,https://commons.wikimedia.org/wiki/File:Plastic_trash.JPG,CC BY-SA 3.0,Ivy Main
plastic,train,plastic_train_011.jpg,https://commons.wikimedia.org/wiki/File:Bouteilles_plastiques_012026.jpg,CC BY-SA 4.0,One2129
plastic,train,plastic_train_012.jpg,https://commons.wikimedia.org/wiki/File:A_discarded_plastic_bottle_and_a_surfer.jpg,CC BY-SA 4.0,Twentyfirstidentity
plastic,train,plastic_train_013.jpg,"https://commons.wikimedia.org/wiki/File:Plastic_Pollution_in_Santa_Luzia,_Cape_Verde.jpg",CC BY-SA 4.0,CaptainDarwin
plastic,train,plastic_train_014.jpg,https://commons.wikimedia.org/wiki/File:Egypt_108.JPG,CC BY-SA 3.0,Effeietsanders
plastic,train,plastic_train_015.jpg,"https://commons.wikimedia.org/wiki/File:Sea_washed_plastic_debris,_Camus_Daraich_-_geograph.org.uk_-_1188625.jpg",CC BY-SA 2.0,Andy Waddington
plastic,train,plastic_train_016.jpg,https://commons.wikimedia.org/wiki/File:Old_plastic_bottle.jpg,CC BY-SA 4.0,Bizzarle
plastic,train,plastic_train_017.jpg,https://commons.wikimedia.org/wiki/File:Mon_propre_travail_016.jpg,CC BY-SA 4.0,NGOULOU BATALA Ryddhel
plastic,train,plastic_train_018.jpg,https://commons.wikimedia.org/wiki/File:Kunststoff_Plastik_Rest_Abfall-20180621-RM-114314.jpg,CC BY-SA 4.0,Ermell
plastic,train,plastic_train_019.jpg,https://commons.wikimedia.org/wiki/File:Contaminazioni_(188171916).jpg,CC BY 2.0,"simonetta viterbi from milano, italy"
plastic,train,plastic_train_020.jpg,"https://commons.wikimedia.org/wiki/File:K%C5%99iv%C3%A1_Ves,_l%C3%A1hve.jpg",CC BY-SA 3.0,Juandev
plastic,train,plastic_train_021.jpg,https://commons.wikimedia.org/wiki/File:Beach_Wallpaper_Image_-_Sharecodepoint.jpg,CC BY-SA 4.0,Sharecodepoint
plastic,train,plastic_train_022.jpg,https://commons.wikimedia.org/wiki/File:Coca_Cola_plastic_bottles.jpg,CC BY-SA 4.0,Tomascastelazo
plastic,train,plastic_train_023.jpg,https://commons.wikimedia.org/wiki/File:Plastic_Film_in_Bushes.jpg,CC BY 2.0,Joost J. Bakker
plastic,train,plastic_train_024.jpg,https://commons.wikimedia.org/wiki/File:Litter_in_Sundarbans.jpg,CC BY 2.0,David Stanley
plastic,train,plastic_train_025.jpg,https://commons.wikimedia.org/wiki/File:Plastic_waste_20231006_175234.jpg,CC BY-SA 4.0,Ka23 13
plastic,train,plastic_train_026.jpg,"https://commons.wikimedia.org/wiki/File:Garbage_dumping_site_in_santiketan,_khoai,_Birbhum,_West_Bengal.jpg",CC BY-SA 4.0,Sagnik Samanta
plastic,train,plastic_train_027.jpg,https://commons.wikimedia.org/wiki/File:Gestion_des_d%C3%A9chets_en_plastique.jpg,CC0,NIHEREWENIMANA Richard
plastic,train,plastic_train_028.jpg,https://commons.wikimedia.org/wiki/File:Les_bouteilles_%C3%A0_r%C3%A9cup%C3%A9rer_18.jpg,CC0,Eben pure
plastic,train,plastic_train_029.jpg,https://commons.wikimedia.org/wiki/File:Sverige_-_KMB_-_16001000423952.jpg,CC BY 2.5,Pål-Nils Nilsson
plastic,train,plastic_train_030.jpg,https://commons.wikimedia.org/wiki/File:Plastikm%C3%BCll_im_Meer_(25943838624).jpg,CC BY 2.0,dronepicr
plastic,train,plastic_train_031.jpg,https://commons.wikimedia.org/wiki/File:Toksook_Bay_P1010694_(8124961029).jpg,Public domain,U.S. Department of Agriculture
plastic,train,plastic_train_032.jpg,https://commons.wikimedia.org/wiki/File:Schrebergarten-debstedt-26_hg.jpg,CC BY-SA 4.0,Hannes Grobe
plastic,train,plastic_train_033.jpg,https://commons.wikimedia.org/wiki/File:Gmina_W%C5%82oc%C5%82awek-bottles_by_%C5%81uba_Lake.jpg,CC BY-SA 4.0,Mariochom
plastic,train,plastic_train_034.jpg,https://commons.wikimedia.org/wiki/File:Plastic_bottle_with_sea_turtle_bite_marks_on_Texas_shoreline.jpg,Public domain,NOAA
plastic,train,plastic_train_035.jpg,https://commons.wikimedia.org/wiki/File:Heartbreaking_Photos_Of_Pollution_That_Will_Inspire_You_To_Recycle.jpg,CC BY-SA 4.0,Apetigah Immaculate
plastic,train,plastic_train_036.jpg,https://commons.wikimedia.org/wiki/File:Plastenka_v_Lahinji.JPG,CC BY-SA 3.0,Hythlodot
plastic,train,plastic_train_037.jpg,https://commons.wikimedia.org/wiki/File:Fish1968_-_Flickr_-_NOAA_Photo_Library.jpg,Public domain,"LCDR Eric Johnson, NOAA Corps."
plastic,train,plastic_train_038.jpg,https://commons.wikimedia.org/wiki/File:Ducks_in_Litter_at_Lalbagh_(14954009291).jpg,CC BY 2.0,"Mike Prince from Bangalore, India"
plastic,train,plastic_train_039.jpg,https://commons.wikimedia.org/wiki/File:Plastic_beach_-_geograph.org.uk_-_798994.jpg,CC BY-SA 2.0,Doug Lee
plastic,train,plastic_train_040.jpg,https://commons.wikimedia.org/wiki/File:Plastic_Beach_-_geograph.org.uk_-_798998.jpg,CC BY-SA 2.0,Doug Lee
plastic,train,plastic_train_041.jpg,https://commons.wikimedia.org/wiki/File:Plastic-shivagange.jpg,CC BY-SA 4.0,Datha2703
plastic,train,plastic_train_042.jpg,https://commons.wikimedia.org/wiki/File:Plastic-shivagange2.jpg,CC BY-SA 4.0,Datha2703
plastic,train,plastic_train_043.jpg,"https://commons.wikimedia.org/wiki/File:Scattered_plastic_waste_at_Linshanbi,_Taiwan_03.jpg",CC BY-SA 4.0,Alika113
plastic,train,plastic_train_044.jpg,"https://commons.wikimedia.org/wiki/File:Scattered_plastic_waste_at_Linshanbi,_Taiwan_02.jpg",CC BY-SA 4.0,Alika113
plastic,train,plastic_train_045.jpg,"https://commons.wikimedia.org/wiki/File:Sagaing,_varios_02.jpg",CC BY-SA 4.0,LBM1948
plastic,train,plastic_train_046.jpg,https://commons.wikimedia.org/wiki/File:Asturias_1979_21.jpg,CC BY-SA 4.0,LBM1948
plastic,train,plastic_train_047.jpg,https://commons.wikimedia.org/wiki/File:Littered_plastic_bottle.jpg,CC BY-SA 4.0,Kwameghana(Bright Kwame Ayisi)
plastic,train,plastic_train_048.jpg,https://commons.wikimedia.org/wiki/File:Littered_plastic_bottle_on_a_water_body.jpg,CC BY-SA 4.0,Kwameghana(Bright Kwame Ayisi)
plastic,train,plastic_train_049.jpg,https://commons.wikimedia.org/wiki/File:Berlin_marathon_freizeitlaeufer_wittenbergplatz_25.09.2011_12-17-18.jpg,CC BY-SA 3.0,Dirk Ingo Franke
plastic,train,plastic_train_050.jpg,https://commons.wikimedia.org/wiki/File:Berlin_marathon_freizeitlaeufer_wittenbergplatz_25.09.2011_12-18-25.jpg,CC BY-SA 3.0,Dirk Ingo Franke
plastic,train,plastic_train_051.jpg,https://commons.wikimedia.org/wiki/File:D%C3%A9chets_des_bouteilles_plastiques.jpg,CC0,Merstel007
plastic,train,plastic_train_052.jpg,https://commons.wikimedia.org/wiki/File:Cymbopogon_Citratus.jpg,CC0,Merstel007
plastic,train,plastic_train_053.jpg,https://commons.wikimedia.org/wiki/File:Bales_of_PET_bottles_closeup.jpg,CC BY-SA 4.0,Grendelkhan
plastic,train,plastic_train_054.jpg,https://commons.wikimedia.org/wiki/File:Bales_of_PET_bottles_stacked.jpg,CC BY-SA 4.0,Grendelkhan
plastic,train,plastic_train_055.jpg,https://commons.wikimedia.org/wiki/File:Coca-Cola_2_liter_bleaching.jpg,CC0,Visviva
plastic,train,plastic_train_056.jpg,https://commons.wikimedia.org/wiki/File:Discarded_Meijer_plastic_bag.jpg,CC0,Visviva
plastic,train,plastic_train_057.jpg,https://commons.wikimedia.org/wiki/File:Physical_weathering_clear_plastic_tub.jpg,CC BY-SA 4.0,Visviva
plastic,train,plastic_train_058.jpg,https://commons.wikimedia.org/wiki/File:Contenedor_botellas_pl%C3%A1stico.jpg,CC BY-SA 4.0,JaqueB
plastic,train,plastic_train_059.jpg,https://commons.wikimedia.org/wiki/File:Botellas_de_pl%C3%A1stico_acumulado.jpg,CC BY-SA 4.0,JaqueB
plastic,train,plastic_train_060.jpg,https://commons.wikimedia.org/wiki/File:Dep%C3%B3sito_pl%C3%A1stico.jpg,CC BY-SA 4.0,JaqueB
plastic,train,plastic_train_061.jpg,"https://commons.wikimedia.org/wiki/File:Poorly_manage_plastic_waste_in_Lagos,_Nigeria.jpg",CC BY-SA 4.0,Tunesh247
plastic,train,plastic_train_062.jpg,"https://commons.wikimedia.org/wiki/File:Poor_plastic_waste_management,_in_ikeja,_Lagos.jpg",CC BY-SA 4.0,Tunesh247
plastic,train,plastic_train_063.jpg,https://commons.wikimedia.org/wiki/File:Poor_plastic_waste_management_in_Ogun_state_Nigeria.jpg,CC BY-SA 4.0,Tunesh247
plastic,train,plastic_train_064.jpg,https://commons.wikimedia.org/wiki/File:Plastic_waste_pollution_12.jpg,CC BY-SA 4.0,Mandeiya flower
plastic,train,plastic_train_065.jpg,https://commons.wikimedia.org/wiki/File:Plastic_waste_45.jpg,CC BY-SA 4.0,Mandeiya flower
plastic,train,plastic_train_066.jpg,https://commons.wikimedia.org/wiki/File:Plastic_waste_pollution.jpg,CC BY-SA 4.0,Mandeiya flower
plastic,train,plastic_train_067.jpg,https://commons.wikimedia.org/wiki/File:Lixo_recolhido_pela_Brigada_do_Mar_5.jpg,CC BY-SA 4.0,Aspulgas
plastic,train,plastic_train_068.jpg,https://commons.wikimedia.org/wiki/File:Lixo_marinho_recolhido_pela_Brigada_do_Mar_em_Sines.jpg,CC BY-SA 4.0,Aspulgas
plastic,train,plastic_train_069.jpg,https://commons.wikimedia.org/wiki/File:Lixo_recolhido_pela_Brigada_do_Mar_3.jpg,CC BY-SA 4.0,Aspulgas
plastic,train,plastic_train_070.jpg,https://commons.wikimedia.org/wiki/File:Plastic_Pollution2.jpg,CC BY-SA 4.0,Janak Bhatta
plastic,train,plastic_train_071.jpg,https://commons.wikimedia.org/wiki/File:Plastic_Pollution.jpg,CC BY-SA 4.0,Janak Bhatta
plastic,train,plastic_train_072.jpg,https://commons.wikimedia.org/wiki/File:Plastic_Pollution1.jpg,CC BY-SA 4.0,Janak Bhatta
plastic,train,plastic_train_073.jpg,https://commons.wikimedia.org/wiki/File:Saetchots_plastike.jpg,CC BY-SA 4.0,Lucyin
plastic,train,plastic_train_074.jpg,https://commons.wikimedia.org/wiki/File:Mannest%C3%A9s_Tlita_Od_Hamdan.JPG,CC BY-SA 3.0,Lucyin
plastic,train,plastic_train_075.jpg,https://commons.wikimedia.org/wiki/File:S%C3%A5vaedje_distcheyaedje_Swani_Bni_Dghor.JPG,CC BY-SA 3.0,Lucyin
plastic,train,plastic_train_076.jpg,https://commons.wikimedia.org/wiki/File:Sidi_Boulxhir_mannest%C3%A9s.JPG,CC BY-SA 3.0,Lucyin
plastic,train,plastic_train_077.jpg,https://commons.wikimedia.org/wiki/File:Plastic_pollution_in_Amol_-_Iran_05.JPG,CC BY-SA 3.0,Mehdi
plastic,train,plastic_train_078.jpg,https://commons.wikimedia.org/wiki/File:Plastic_pollution_in_Amol_-_Iran_06.JPG,CC BY-SA 3.0,Mehdi
plastic,train,plastic_train_079.jpg,https://commons.wikimedia.org/wiki/File:Plastic_pollution_in_Amol_-_Iran_01.JPG,CC BY-SA 3.0,Mehdi
plastic,train,plastic_train_080.jpg,https://commons.wikimedia.org/wiki/File:Plastic_pollution_in_Amol_-_Iran_04.JPG,CC BY-SA 3.0,Mehdi
plastic,train,plastic_train_081.jpg,https://commons.wikimedia.org/wiki/File:Colecci%C3%B3n_Cans_%26_Plastics_by_elduendesuarez_08.JPG,CC BY-SA 3.0,elduendesuarez
plastic,train,plastic_train_082.jpg,https://commons.wikimedia.org/wiki/File:Colecci%C3%B3n_Cans_%26_Plastics_by_elduendesuarez_01.JPG,CC BY-SA 3.0,elduendesuarez
plastic,train,plastic_train_083.jpg,https://commons.wikimedia.org/wiki/File:Colecci%C3%B3n_Cans_%26_Plastics_by_elduendesuarez_05.JPG,CC BY-SA 3.0,elduendesuarez
plastic,train,plastic_train_084.jpg,https://commons.wikimedia.org/wiki/File:Colecci%C3%B3n_Cans_%26_Plastics_by_elduendesuarez_09.JPG,CC BY-SA 3.0,elduendesuarez
plastic,train,plastic_train_085.jpg,"https://commons.wikimedia.org/wiki/File:Crackers,_Water_Bottle,_Plastic_Garbage_Bag_(33925059962).jpg",CC BY 2.0,Laurel L. Russwurm from Canada
plastic,train,plastic_train_086.jpg,https://commons.wikimedia.org/wiki/File:Walmart_branded_water_bottle_(33924956232).jpg,CC BY 2.0,Laurel L. Russwurm from Canada
plastic,train,plastic_train_087.jpg,"https://commons.wikimedia.org/wiki/File:Water_bottle,_plastic_jug,_plastic_bag_of_garbage_(34081668035).jpg",CC BY 2.0,Laurel L. Russwurm from Canada
plastic,train,plastic_train_088.jpg,https://commons.wikimedia.org/wiki/File:Plastic_Bag_and_Plastic_Bottle_(33270517683).jpg,CC BY 2.0,Laurel L. Russwurm from Canada
plastic,train,plastic_train_089.jpg,https://commons.wikimedia.org/wiki/File:Plastkanner_etter_linjeryddere_etter_Kronborgs%C3%A6terlinja_22-09-19.jpg,CC BY-SA 4.0,Øyvind Holmstad
plastic,train,plastic_train_090.jpg,https://commons.wikimedia.org/wiki/File:Plasticulture_p%C3%A5_Toten_02-09-19.jpg,CC BY-SA 4.0,Øyvind Holmstad
plastic,train,plastic_train_091.jpg,https://commons.wikimedia.org/wiki/File:Plasticulture_at_Toten_15-07-19.jpg,CC BY-SA 4.0,Øyvind Holmstad
plastic,train,plastic_train_092.jpg,https://commons.wikimedia.org/wiki/File:Plasticulture_p%C3%A5_Toten_02-09-21.jpg,CC BY-SA 4.0,Øyvind Holmstad
plastic,train,plastic_train_093.jpg,https://commons.wikimedia.org/wiki/File:Plastic_garbge_in_Bohol_2017.jpg,CC BY-SA 4.0,Øyvind Holmstad
plastic,train,plastic_train_094.jpg,https://commons.wikimedia.org/wiki/File:Brick_Lane_Market_Dumped_rubbish_Tower_Hamlets_London_England_04.jpg,CC BY-SA 4.0,Acabashi
plastic,train,plastic_train_095.jpg,https://commons.wikimedia.org/wiki/File:Brick_Lane_Market_Dumped_rubbish_Tower_Hamlets_London_England_05.jpg,CC BY-SA 4.0,Acabashi
plastic,train,plastic_train_096.jpg,https://commons.wikimedia.org/wiki/File:Dumped_bags_of_soft_drink_can_garbage_Bishopsgate_London_England.jpg,CC BY-SA 4.0,Acabashi
plastic,train,plastic_train_097.jpg,https://commons.wikimedia.org/wiki/File:Algae_and_detritus_West_India_Quay_Promenade_North_Dock_Canary_Wharf_London_England.jpg,CC BY-SA 4.0,Acabashi
plastic,train,plastic_train_098.jpg,https://commons.wikimedia.org/wiki/File:Brick_Lane_Market_Dumped_rubbish_Tower_Hamlets_London_England_03.jpg,CC BY-SA 4.0,Acabashi
plastic,train,plastic_train_099.jpg,https://commons.wikimedia.org/wiki/File:Close-up_of_plastic_bottles_polluting_the_river_with_a_bridge_and_buildings_in_a_blurry_background_(51142599174).jpg,CC BY 2.0,Ivan Radic
plastic,train,plastic_train_100.jpg,https://commons.wikimedia.org/wiki/File:Plastic_bag_in_a_water_canal_and_a_cloudy_sky_in_the_background_(51148269478).jpg,CC BY 2.0,Ivan Radic
plastic,holdout,plastic_holdout_001.jpg,https://commons.wikimedia.org/wiki/File:101020_M%C3%BCll_Ballon_Reuss001.jpg,CC BY 2.5 ch,Nienetwiler
plastic,holdout,plastic_holdout_002.jpg,https://commons.wikimedia.org/wiki/File:Plastic_wastes.jpg,CC BY-SA 3.0,Superbmust
plastic,holdout,plastic_holdout_003.jpg,https://commons.wikimedia.org/wiki/File:Journey_to_Midway_Island_(5580081816).jpg,CC BY-SA 2.0,"kris krüg from Vancouver, Canada"
plastic,holdout,plastic_holdout_004.jpg,"https://commons.wikimedia.org/wiki/File:Plastic_waste_at_Batlapalem,_Andhra_Pradesh.jpg",CC BY-SA 3.0,Venkat2336
plastic,holdout,plastic_holdout_005.jpg,https://commons.wikimedia.org/wiki/File:Trash_Stream_Econy_Nilgiris_Nov24_A7CR_05204.jpg,CC BY-SA 4.0,Timothy A. Gonsalves
plastic,holdout,plastic_holdout_006.jpg,https://commons.wikimedia.org/wiki/File:Bordel_na_Vltav%C4%9B.JPG,CC BY-SA 3.0,Josef Hána
plastic,holdout,plastic_holdout_007.jpg,https://commons.wikimedia.org/wiki/File:Een_weggegooide_plastic_Starbucks_verpakking_in_een_greppel_langs_de_weg.jpg,CC BY-SA 4.0,Donk A
plastic,holdout,plastic_holdout_008.jpg,https://commons.wikimedia.org/wiki/File:Crumpled_teabag_envelopes_(6827536105).jpg,CC BY-SA 2.0,theilr
plastic,holdout,plastic_holdout_009.jpg,https://commons.wikimedia.org/wiki/File:Don%27t_throw_me_away_-_re-use_me!_-_geograph.org.uk_-_1482236.jpg,CC BY-SA 2.0,Philip Halling
plastic,holdout,plastic_holdout_010.jpg,https://commons.wikimedia.org/wiki/File:Gutter_choked_with_plastic_2.jpg,CC BY-SA 4.0,Fquasie
plastic,holdout,plastic_holdout_011.jpg,https://commons.wikimedia.org/wiki/File:Water_pollution_in_Paris_(1).jpg,CC BY-SA 4.0,Ibex73
plastic,holdout,plastic_holdout_012.jpg,https://commons.wikimedia.org/wiki/File:Bali_river_waste.jpg,CC BY-SA 4.0,DayakSibiriak
plastic,holdout,plastic_holdout_013.jpg,"https://commons.wikimedia.org/wiki/File:Piles_of_plastic_waste_in_Thilafushi,_2012_(2).jpg",CC BY 2.0,Dying Regime
plastic,holdout,plastic_holdout_014.jpg,https://commons.wikimedia.org/wiki/File:Pollution.jpg,CC BY-SA 2.5,Falken
plastic,holdout,plastic_holdout_015.jpg,https://commons.wikimedia.org/wiki/File:Flotsam_on_beach_at_Spanish_Point_-_geograph.org.uk_-_1088710.jpg,CC BY-SA 2.0,Bob Jones
plastic,holdout,plastic_holdout_016.jpg,"https://commons.wikimedia.org/wiki/File:Plastic_Trash_in_Raja_Ampat,_Bird%27s_Head_Seascape.jpg",CC BY-SA 4.0,Bird's Head Seascape / Jones/Shimlock / Secret Sea Visions
plastic,holdout,plastic_holdout_017.jpg,https://commons.wikimedia.org/wiki/File:Plastic_waste_at_Waldfriedhof_M%C3%BCnchen_02.jpg,CC BY-SA 4.0,Kritzolina
plastic,holdout,plastic_holdout_018.jpg,https://commons.wikimedia.org/wiki/File:Rubbish_in_the_nature_J1.jpg,CC BY-SA 4.0,Jamain
plastic,holdout,plastic_holdout_019.jpg,https://commons.wikimedia.org/wiki/File:Oualidia_d%C3%A9chets_incivisme_falaises-photo_Bertrand_SOUBEYRAND.jpg,CC BY-SA 4.0,Bertrand SOUBEYRAND
plastic,holdout,plastic_holdout_020.jpg,https://commons.wikimedia.org/wiki/File:Bottle_on_Manga%C4%BCi_beach_(2647424792).jpg,CC BY-SA 2.0,"Helmuts Rudzītis from Rīga, Latvia"
irrelevant,train,irrelevant_train_001.jpg,self-captured phone-size screenshot,"generated for training, not redistributed",
irrelevant,train,irrelevant_train_002.jpg,self-captured phone-size screenshot,"generated for training, not redistributed",
irrelevant,train,irrelevant_train_003.jpg,self-captured phone-size screenshot,"generated for training, not redistributed",
irrelevant,train,irrelevant_train_004.jpg,self-captured phone-size screenshot,"generated for training, not redistributed",
irrelevant,train,irrelevant_train_005.jpg,self-captured phone-size screenshot,"generated for training, not redistributed",
irrelevant,train,irrelevant_train_006.jpg,self-captured phone-size screenshot,"generated for training, not redistributed",
irrelevant,train,irrelevant_train_007.jpg,self-captured phone-size screenshot,"generated for training, not redistributed",
irrelevant,train,irrelevant_train_008.jpg,self-captured phone-size screenshot,"generated for training, not redistributed",
irrelevant,train,irrelevant_train_009.jpg,self-captured phone-size screenshot,"generated for training, not redistributed",
irrelevant,train,irrelevant_train_010.jpg,self-captured phone-size screenshot,"generated for training, not redistributed",
irrelevant,train,irrelevant_train_011.jpg,self-captured phone-size screenshot,"generated for training, not redistributed",
irrelevant,train,irrelevant_train_012.jpg,self-captured phone-size screenshot,"generated for training, not redistributed",
irrelevant,train,irrelevant_train_013.jpg,self-captured phone-size screenshot,"generated for training, not redistributed",
irrelevant,train,irrelevant_train_014.jpg,self-captured phone-size screenshot,"generated for training, not redistributed",
irrelevant,train,irrelevant_train_015.jpg,self-captured phone-size screenshot,"generated for training, not redistributed",
irrelevant,train,irrelevant_train_016.jpg,self-captured phone-size screenshot,"generated for training, not redistributed",
irrelevant,train,irrelevant_train_017.jpg,self-captured phone-size screenshot,"generated for training, not redistributed",
irrelevant,train,irrelevant_train_018.jpg,self-captured phone-size screenshot,"generated for training, not redistributed",
irrelevant,train,irrelevant_train_019.jpg,self-captured phone-size screenshot,"generated for training, not redistributed",
irrelevant,train,irrelevant_train_020.jpg,self-captured phone-size screenshot,"generated for training, not redistributed",
irrelevant,train,irrelevant_train_021.jpg,self-captured phone-size screenshot,"generated for training, not redistributed",
irrelevant,train,irrelevant_train_022.jpg,self-captured phone-size screenshot,"generated for training, not redistributed",
irrelevant,train,irrelevant_train_023.jpg,self-captured phone-size screenshot,"generated for training, not redistributed",
irrelevant,train,irrelevant_train_024.jpg,self-captured phone-size screenshot,"generated for training, not redistributed",
irrelevant,train,irrelevant_train_025.jpg,self-captured phone-size screenshot,"generated for training, not redistributed",
irrelevant,train,irrelevant_train_026.jpg,self-captured phone-size screenshot,"generated for training, not redistributed",
irrelevant,train,irrelevant_train_027.jpg,self-captured phone-size screenshot,"generated for training, not redistributed",
irrelevant,train,irrelevant_train_028.jpg,self-captured phone-size screenshot,"generated for training, not redistributed",
irrelevant,train,irrelevant_train_029.jpg,self-captured phone-size screenshot,"generated for training, not redistributed",
irrelevant,train,irrelevant_train_030.jpg,self-captured phone-size screenshot,"generated for training, not redistributed",
irrelevant,train,irrelevant_train_031.jpg,self-captured phone-size screenshot,"generated for training, not redistributed",
irrelevant,train,irrelevant_train_032.jpg,self-captured phone-size screenshot,"generated for training, not redistributed",
irrelevant,train,irrelevant_train_033.jpg,self-captured phone-size screenshot,"generated for training, not redistributed",
irrelevant,train,irrelevant_train_034.jpg,self-captured phone-size screenshot,"generated for training, not redistributed",
irrelevant,train,irrelevant_train_035.jpg,self-captured phone-size screenshot,"generated for training, not redistributed",
irrelevant,train,irrelevant_train_036.jpg,self-captured phone-size screenshot,"generated for training, not redistributed",
irrelevant,train,irrelevant_train_037.jpg,self-captured phone-size screenshot,"generated for training, not redistributed",
irrelevant,train,irrelevant_train_038.jpg,self-captured phone-size screenshot,"generated for training, not redistributed",
irrelevant,holdout,irrelevant_holdout_001.jpg,self-captured phone-size screenshot,"generated for training, not redistributed",
irrelevant,holdout,irrelevant_holdout_002.jpg,self-captured phone-size screenshot,"generated for training, not redistributed",
irrelevant,holdout,irrelevant_holdout_003.jpg,self-captured phone-size screenshot,"generated for training, not redistributed",
irrelevant,holdout,irrelevant_holdout_004.jpg,self-captured phone-size screenshot,"generated for training, not redistributed",
irrelevant,holdout,irrelevant_holdout_005.jpg,self-captured phone-size screenshot,"generated for training, not redistributed",
irrelevant,holdout,irrelevant_holdout_006.jpg,self-captured phone-size screenshot,"generated for training, not redistributed",
irrelevant,train,irrelevant_train_039.jpg,self-captured phone-size screenshot (inverted),"generated for training, not redistributed",
irrelevant,train,irrelevant_train_040.jpg,self-captured phone-size screenshot (inverted),"generated for training, not redistributed",
irrelevant,train,irrelevant_train_041.jpg,self-captured phone-size screenshot (inverted),"generated for training, not redistributed",
irrelevant,train,irrelevant_train_042.jpg,self-captured phone-size screenshot (inverted),"generated for training, not redistributed",
irrelevant,train,irrelevant_train_043.jpg,self-captured phone-size screenshot (inverted),"generated for training, not redistributed",
irrelevant,train,irrelevant_train_044.jpg,self-captured phone-size screenshot (inverted),"generated for training, not redistributed",
irrelevant,train,irrelevant_train_045.jpg,self-captured phone-size screenshot (inverted),"generated for training, not redistributed",
irrelevant,train,irrelevant_train_046.jpg,self-captured phone-size screenshot (inverted),"generated for training, not redistributed",
irrelevant,train,irrelevant_train_047.jpg,self-captured phone-size screenshot (inverted),"generated for training, not redistributed",
irrelevant,train,irrelevant_train_048.jpg,self-captured phone-size screenshot (inverted),"generated for training, not redistributed",
irrelevant,train,irrelevant_train_049.jpg,self-captured phone-size screenshot (inverted),"generated for training, not redistributed",
irrelevant,train,irrelevant_train_050.jpg,self-captured phone-size screenshot (inverted),"generated for training, not redistributed",
irrelevant,train,irrelevant_train_051.jpg,self-captured phone-size screenshot (inverted),"generated for training, not redistributed",
irrelevant,train,irrelevant_train_052.jpg,self-captured phone-size screenshot (inverted),"generated for training, not redistributed",
irrelevant,train,irrelevant_train_053.jpg,self-captured phone-size screenshot (inverted),"generated for training, not redistributed",
irrelevant,holdout,irrelevant_holdout_007.jpg,self-captured phone-size screenshot (inverted),"generated for training, not redistributed",
irrelevant,holdout,irrelevant_holdout_008.jpg,self-captured phone-size screenshot (inverted),"generated for training, not redistributed",
irrelevant,holdout,irrelevant_holdout_009.jpg,self-captured phone-size screenshot (inverted),"generated for training, not redistributed",
irrelevant,train,irrelevant_train_054.jpg,https://commons.wikimedia.org/wiki/File:11-11-11_11-11_example.jpg,Public domain,Nad at English Wikipedia
irrelevant,train,irrelevant_train_055.jpg,"https://commons.wikimedia.org/wiki/File:2005-86-67_Lap_Desk,_USS_Mercury_(8435428393).jpg",CC BY 2.0,"Naval History & Heritage Command from Washington, DC, USA"
irrelevant,train,irrelevant_train_056.jpg,https://commons.wikimedia.org/wiki/File:137th_SOW_services_Airmen_support_35th_FSS_mission_while_training_(9268281).jpg,Public domain,U.S. Air National Guard photo by Senior Airman Erika Chapa
irrelevant,train,irrelevant_train_057.jpg,https://commons.wikimedia.org/wiki/File:060_Theresianism_Style_-_Interiors.jpg,Public domain,Scan and postprocessing by Hubertl
irrelevant,train,irrelevant_train_058.jpg,https://commons.wikimedia.org/wiki/File:0a182210-4084-40ec-a853-0e936f0.jpg,CC BY-SA 4.0,Leila Gina Ashoury
irrelevant,train,irrelevant_train_059.jpg,"https://commons.wikimedia.org/wiki/File:A_drawing_room_in_the_Faculty_of_Architecture,_FUASK.jpg",CC BY-SA 4.0,Kambai Akau
irrelevant,train,irrelevant_train_060.jpg,https://commons.wikimedia.org/wiki/File:A_crispy_golden_dosa.jpg,CC BY-SA 2.0,Devika
irrelevant,train,irrelevant_train_061.jpg,https://commons.wikimedia.org/wiki/File:A_classroom_of_CU_in_Kolkata.jpg,CC BY-SA 4.0,Billjones94
irrelevant,train,irrelevant_train_062.jpg,https://commons.wikimedia.org/wiki/File:2019_12_24_Kar%C3%A1csony_DSC_0092_(49268571453).jpg,CC BY-SA 2.0,"János Korom Dr. >17 Million views from Wien, Austria"
irrelevant,train,irrelevant_train_063.jpg,https://commons.wikimedia.org/wiki/File:A_class_room.jpg,CC BY-SA 3.0,Parvathisri
irrelevant,train,irrelevant_train_064.jpg,https://commons.wikimedia.org/wiki/File:3-D_Printer_and_PC.jpg,CC BY 4.0,"Ochs, J."
irrelevant,train,irrelevant_train_065.jpg,https://commons.wikimedia.org/wiki/File:2020_Toyota_Land_Cruiser_V8_Speedometer.jpg,CC BY-SA 4.0,Kskhh
irrelevant,train,irrelevant_train_066.jpg,"https://commons.wikimedia.org/wiki/File:-2019-09-18_Denby_%CE%84Lucille_Gold%CE%84_Monsoon_range,_Coffee_cup_(1).JPG",CC BY-SA 4.0,Kolforn I'd appreciate if you could mail me if you want to use this picture out
irrelevant,train,irrelevant_train_067.jpg,"https://commons.wikimedia.org/wiki/File:-2019-09-17_Back_stanp,_Denby_%CE%84Azure%CE%84_Coffee_mug.JPG",CC BY-SA 4.0,Kolforn I'd appreciate if you could mail me if you want to use this picture out
irrelevant,train,irrelevant_train_068.jpg,https://commons.wikimedia.org/wiki/File:Achari_Biryani.JPG,CC0,Miansari66
irrelevant,train,irrelevant_train_069.jpg,"https://commons.wikimedia.org/wiki/File:017_14_Kabale_Office_of_swTws,_fully_building_integrated_UDDT,_2002_approx._(7928284300).jpg",CC BY 2.0,SuSanA Secretariat
irrelevant,train,irrelevant_train_070.jpg,https://commons.wikimedia.org/wiki/File:14069168_doc1.jpg,CC0,В. П. Потемкин
irrelevant,train,irrelevant_train_071.jpg,https://commons.wikimedia.org/wiki/File:%27Mobile_phone-mobiele_telefoon-01.jpg,CC BY-SA 4.0,Marianne Cornelissen-Kuyt
irrelevant,train,irrelevant_train_072.jpg,https://commons.wikimedia.org/wiki/File:1-_student_chapter_certificte_page-0001.jpg,CC BY-SA 4.0,Mamun87245
irrelevant,train,irrelevant_train_073.jpg,https://commons.wikimedia.org/wiki/File:-i---i-_(53748634061).jpg,CC BY 2.0,"Jean-François Thibault from Moncton, Canada"
irrelevant,train,irrelevant_train_074.jpg,https://commons.wikimedia.org/wiki/File:090902_PUREGRUPPE-Office.jpg,Public domain,Puregruppe
irrelevant,train,irrelevant_train_075.jpg,"https://commons.wikimedia.org/wiki/File:%275%27_A_vegetarian_thali,_traditional_style_of_serving_a_meal_in_India.jpg",CC BY-SA 2.0,Ankur P
irrelevant,train,irrelevant_train_076.jpg,"https://commons.wikimedia.org/wiki/File:2025-05-08_11_54_07_Kitchen_and_dining_area_within_Playpad_Bucks_in_Middletown_Township,_Bucks_County,_Pennsylvania.jpg",CC BY-SA 4.0,Famartin
irrelevant,train,irrelevant_train_077.jpg,https://commons.wikimedia.org/wiki/File:A_Kenya_(11).jpg,CC BY-SA 4.0,Olashxs
irrelevant,train,irrelevant_train_078.jpg,https://commons.wikimedia.org/wiki/File:A_Bedroom_with_a_wooden_bed.jpg,CC0,Knites
irrelevant,train,irrelevant_train_079.jpg,https://commons.wikimedia.org/wiki/File:Apple_iMac_G5_with_iSight.jpg,CC BY 2.0,Fernando Carmona
irrelevant,train,irrelevant_train_080.jpg,https://commons.wikimedia.org/wiki/File:Aggani_Biriayni_BD.jpg,CC BY-SA 4.0,S.M.Tanim
irrelevant,train,irrelevant_train_081.jpg,https://commons.wikimedia.org/wiki/File:BHAGAT_TARACHAND_THALI.jpg,CC BY-SA 4.0,Rishabhm9
irrelevant,train,irrelevant_train_082.jpg,https://commons.wikimedia.org/wiki/File:%22All_in_one_Variety_foods%22.jpg,CC BY-SA 4.0,Thamizhpparithi Maari
irrelevant,train,irrelevant_train_083.jpg,"https://commons.wikimedia.org/wiki/File:2023-05-27,_Westport_Maritime_Museum,_025.jpg",CC BY-SA 4.0,Steven Pavlov
irrelevant,train,irrelevant_train_084.jpg,https://commons.wikimedia.org/wiki/File:Adding_data_to_OSM_after_Hoxton_mapping_party.jpg,CC BY 2.0,Alexander Kachkaev
irrelevant,train,irrelevant_train_085.jpg,https://commons.wikimedia.org/wiki/File:202408191934_IMG_1998.jpg,CC BY-SA 4.0,ウィ貴公子
irrelevant,train,irrelevant_train_086.jpg,"https://commons.wikimedia.org/wiki/File:%273%27_A_thali,_traditional_style_of_serving_food_in_India,_in_a_New_York_restaurant.jpg",CC BY 2.0,taylorandayumi
irrelevant,train,irrelevant_train_087.jpg,https://commons.wikimedia.org/wiki/File:A_Crispy_Dosa.jpg,CC BY-SA 4.0,Smart Specky
irrelevant,train,irrelevant_train_088.jpg,https://commons.wikimedia.org/wiki/File:A_typical_kitchen_in_Nagaland.jpg,CC BY-SA 4.0,Joli
irrelevant,holdout,irrelevant_holdout_010.jpg,https://commons.wikimedia.org/wiki/File:20090325_%EB%A1%A4%EB%A6%AC%ED%8C%9D%ED%8F%B0%EC%A0%9C%ED%92%88%EC%82%AC%EC%A7%841.jpg,CC BY 2.0,LG전자
irrelevant,holdout,irrelevant_holdout_011.jpg,https://commons.wikimedia.org/wiki/File:%2794_Polonez_Caro_interior.JPG,CC BY-SA 3.0,Pitak
irrelevant,holdout,irrelevant_holdout_012.jpg,https://commons.wikimedia.org/wiki/File:2018_Legal_Recreational_Cannabis_Purchase_in_Canada_(44672461005).jpg,CC BY-SA 2.0,"Coastal Elite from Halifax, Canada"
irrelevant,holdout,irrelevant_holdout_013.jpg,https://commons.wikimedia.org/wiki/File:10A-1st_National_Iraninan_Contemporary_and_Historical_Buildings_Restoration_and_Recovery_Prize.jpg,CC BY-SA 4.0,MozhdehC
irrelevant,holdout,irrelevant_holdout_014.jpg,https://commons.wikimedia.org/wiki/File:A_mother_and_her_little_newly_born_baby_kitten_of_the_Meitei_domestic_cat_breed_(Meitei_house_cat_variety).jpg,CC0,Haoreima
irrelevant,holdout,irrelevant_holdout_015.jpg,https://commons.wikimedia.org/wiki/File:01-1536x1152.jpg,CC BY-SA 4.0,Gotopark2000
irrelevant,holdout,irrelevant_holdout_016.jpg,https://commons.wikimedia.org/wiki/File:10858597_764256463622777_7073638915757750139_n.mv.jpg,CC BY-SA 4.0,Abrs.ulab
irrelevant,train,irrelevant_train_089.jpg,https://www.flickr.com/photos/jurvetson/2969910787,CC BY 2.0,Steve Jurvetson
irrelevant,train,irrelevant_train_090.jpg,https://www.flickr.com/photos/mrbill/274832860,CC BY 2.0,Bill Bradford
irrelevant,train,irrelevant_train_091.jpg,https://www.flickr.com/photos/deadling/227587602,CC BY 2.0,Eric
irrelevant,train,irrelevant_train_092.jpg,https://www.flickr.com/photos/bcc/4391249405,CC BY 2.0,Ben Charlton
irrelevant,train,irrelevant_train_093.jpg,https://www.flickr.com/photos/pablasso/3386134821,CC BY 2.0,Juan Pablo Ortiz Arechiga
irrelevant,train,irrelevant_train_094.jpg,https://www.flickr.com/photos/lobsterstew/75168905,CC BY 2.0,J B
irrelevant,train,irrelevant_train_095.jpg,https://www.flickr.com/photos/14387977@N03/6172905377,CC BY 2.0,gilipollastv
irrelevant,train,irrelevant_train_096.jpg,https://www.flickr.com/photos/genniaholder/16431214340,CC BY 2.0,Gennia Holder
irrelevant,train,irrelevant_train_097.jpg,https://www.flickr.com/photos/mellis/4802197370,CC BY 2.0,David Mellis
irrelevant,train,irrelevant_train_098.jpg,https://www.flickr.com/photos/oliverquinlan/6421204545,CC BY 2.0,Oliver Quinlan
irrelevant,train,irrelevant_train_099.jpg,https://www.flickr.com/photos/raaphorst/954855299/in/photostream/,CC BY 2.0,Marco Raaphorst
irrelevant,train,irrelevant_train_100.jpg,https://www.flickr.com/photos/tribalicious/3981177555,CC BY 2.0,tribalicious
irrelevant,train,irrelevant_train_101.jpg,https://www.flickr.com/photos/ourmaninjapan/16894860158/,CC BY 2.0,Daniel Davis
irrelevant,holdout,irrelevant_holdout_017.jpg,https://www.flickr.com/photos/beckyfiedler/6430385867,CC BY 2.0,BeckyF
irrelevant,holdout,irrelevant_holdout_018.jpg,https://www.flickr.com/photos/alunwk/3847133787,CC BY 2.0,Kan Wu
irrelevant,holdout,irrelevant_holdout_019.jpg,https://www.flickr.com/photos/126390666@N06/14536209980,CC BY 2.0,Sahil Sagar
irrelevant,holdout,irrelevant_holdout_020.jpg,https://www.flickr.com/photos/55229469@N07/9406579475,CC BY 2.0,Forsaken Fotos
irrelevant,holdout,irrelevant_holdout_021.jpg,https://www.flickr.com/photos/foxtwo/11682923,CC BY 2.0,Rocco Lucia
irrelevant,holdout,irrelevant_holdout_022.jpg,https://www.flickr.com/photos/ww4f/4346758929,CC BY 2.0,Jon Gosier
